RegionID,RegionName,State,month_date_yyyymm,zori,zori_mm,zori_yy,Metro
2054,Tolland County,CT,201606,1059.23,,,"Hartford-East Hartford-Middletown, CT"
2054,Tolland County,CT,201607,1066.55,0.0069,,"Hartford-East Hartford-Middletown, CT"
2054,Tolland County,CT,201608,1081.09,0.0136,,"Hartford-East Hartford-Middletown, CT"
2054,Tolland County,CT,201609,1067.55,-0.0125,,"Hartford-East Hartford-Middletown, CT"
2054,Tolland County,CT,201610,1079.56,0.0113,,"Hartford-East Hartford-Middletown, CT"
2054,Tolland County,CT,201701,1071.93,-0.0071,,"Hartford-East Hartford-Middletown, CT"
2054,Tolland County,CT,201702,1090.76,0.0176,,"Hartford-East Hartford-Middletown, CT"
2054,Tolland County,CT,201703,1113.06,0.0204,,"Hartford-East Hartford-Middletown, CT"
2054,Tolland County,CT,201704,1129.9,0.0151,,"Hartford-East Hartford-Middletown, CT"
2054,Tolland County,CT,201705,1128.66,-0.0011,,"Hartford-East Hartford-Middletown, CT"
2054,Tolland County,CT,201706,1114.7,-0.0124,,"Hartford-East Hartford-Middletown, CT"
2054,Tolland County,CT,201707,1114.23,-0.0004,,"Hartford-East Hartford-Middletown, CT"
2054,Tolland County,CT,201708,1107.49,-0.006,0.0456,"Hartford-East Hartford-Middletown, CT"
2054,Tolland County,CT,201709,1110.34,0.0026,0.0411,"Hartford-East Hartford-Middletown, CT"
2054,Tolland County,CT,201710,1107.34,-0.0027,0.0243,"Hartford-East Hartford-Middletown, CT"
2054,Tolland County,CT,201711,1119.42,0.0109,0.0486,"Hartford-East Hartford-Middletown, CT"
2054,Tolland County,CT,201712,1086.9,-0.029,0.0068,"Hartford-East Hartford-Middletown, CT"
2054,Tolland County,CT,201801,1104.04,0.0158,0.03,"Hartford-East Hartford-Middletown, CT"
2054,Tolland County,CT,201802,1105.93,0.0017,0.0139,"Hartford-East Hartford-Middletown, CT"
2054,Tolland County,CT,201803,1171.13,0.059,0.0522,"Hartford-East Hartford-Middletown, CT"
2054,Tolland County,CT,201804,1179.08,0.0068,0.0435,"Hartford-East Hartford-Middletown, CT"
2054,Tolland County,CT,201805,1181.89,0.0024,0.0472,"Hartford-East Hartford-Middletown, CT"
2054,Tolland County,CT,201806,1177.99,-0.0033,0.0568,"Hartford-East Hartford-Middletown, CT"
2054,Tolland County,CT,201807,1176.51,-0.0013,0.0559,"Hartford-East Hartford-Middletown, CT"
2054,Tolland County,CT,201808,1178.68,0.0018,0.0643,"Hartford-East Hartford-Middletown, CT"
2054,Tolland County,CT,201809,1171.68,-0.0059,0.0552,"Hartford-East Hartford-Middletown, CT"
2054,Tolland County,CT,201810,1164.26,-0.0063,0.0514,"Hartford-East Hartford-Middletown, CT"
2054,Tolland County,CT,201811,1167.34,0.0026,0.0428,"Hartford-East Hartford-Middletown, CT"
2054,Tolland County,CT,201812,1171.15,0.0033,0.0775,"Hartford-East Hartford-Middletown, CT"
2054,Tolland County,CT,201901,1165.37,-0.0049,0.0556,"Hartford-East Hartford-Middletown, CT"
2054,Tolland County,CT,201902,1168.96,0.0031,0.057,"Hartford-East Hartford-Middletown, CT"
2054,Tolland County,CT,201903,1167.26,-0.0015,-0.0033,"Hartford-East Hartford-Middletown, CT"
2054,Tolland County,CT,201904,1174.0,0.0058,-0.0043,"Hartford-East Hartford-Middletown, CT"
2054,Tolland County,CT,201905,1186.9,0.011,0.0042,"Hartford-East Hartford-Middletown, CT"
2054,Tolland County,CT,201906,1194.77,0.0066,0.0142,"Hartford-East Hartford-Middletown, CT"
2054,Tolland County,CT,201907,1213.89,0.016,0.0318,"Hartford-East Hartford-Middletown, CT"
2054,Tolland County,CT,201908,1202.83,-0.0091,0.0205,"Hartford-East Hartford-Middletown, CT"
2054,Tolland County,CT,201909,1207.42,0.0038,0.0305,"Hartford-East Hartford-Middletown, CT"
2054,Tolland County,CT,201910,1200.07,-0.0061,0.0308,"Hartford-East Hartford-Middletown, CT"
2054,Tolland County,CT,201911,1164.08,-0.03,-0.0028,"Hartford-East Hartford-Middletown, CT"
2054,Tolland County,CT,201912,1157.45,-0.0057,-0.0117,"Hartford-East Hartford-Middletown, CT"
2054,Tolland County,CT,202001,1164.63,0.0062,-0.0006,"Hartford-East Hartford-Middletown, CT"
2054,Tolland County,CT,202002,1215.34,0.0435,0.0397,"Hartford-East Hartford-Middletown, CT"
2054,Tolland County,CT,202003,1217.97,0.0022,0.0434,"Hartford-East Hartford-Middletown, CT"
2054,Tolland County,CT,202004,1226.78,0.0072,0.045,"Hartford-East Hartford-Middletown, CT"
2054,Tolland County,CT,202005,1241.98,0.0124,0.0464,"Hartford-East Hartford-Middletown, CT"
2054,Tolland County,CT,202006,1259.39,0.014,0.0541,"Hartford-East Hartford-Middletown, CT"
2054,Tolland County,CT,202007,1259.8,0.0003,0.0378,"Hartford-East Hartford-Middletown, CT"
2054,Tolland County,CT,202008,1233.79,-0.0207,0.0257,"Hartford-East Hartford-Middletown, CT"
2054,Tolland County,CT,202009,1247.0,0.0107,0.0328,"Hartford-East Hartford-Middletown, CT"
2054,Tolland County,CT,202010,1255.6,0.0069,0.0463,"Hartford-East Hartford-Middletown, CT"
2054,Tolland County,CT,202011,1283.75,0.0224,0.1028,"Hartford-East Hartford-Middletown, CT"
2054,Tolland County,CT,202012,1296.35,0.0098,0.12,"Hartford-East Hartford-Middletown, CT"
2054,Tolland County,CT,202101,1309.8,0.0104,0.1246,"Hartford-East Hartford-Middletown, CT"
2054,Tolland County,CT,202102,1335.77,0.0198,0.0991,"Hartford-East Hartford-Middletown, CT"
2054,Tolland County,CT,202103,1336.03,0.0002,0.0969,"Hartford-East Hartford-Middletown, CT"
2054,Tolland County,CT,202104,1344.13,0.0061,0.0957,"Hartford-East Hartford-Middletown, CT"
2054,Tolland County,CT,202105,1335.44,-0.0065,0.0752,"Hartford-East Hartford-Middletown, CT"
2054,Tolland County,CT,202106,1341.17,0.0043,0.0649,"Hartford-East Hartford-Middletown, CT"
2054,Tolland County,CT,202107,1350.94,0.0073,0.0723,"Hartford-East Hartford-Middletown, CT"
2054,Tolland County,CT,202108,1349.05,-0.0014,0.0934,"Hartford-East Hartford-Middletown, CT"
2054,Tolland County,CT,202109,1374.87,0.0191,0.1025,"Hartford-East Hartford-Middletown, CT"
2054,Tolland County,CT,202110,1380.81,0.0043,0.0997,"Hartford-East Hartford-Middletown, CT"
2054,Tolland County,CT,202111,1425.21,0.0322,0.1102,"Hartford-East Hartford-Middletown, CT"
2054,Tolland County,CT,202112,1430.84,0.0039,0.1037,"Hartford-East Hartford-Middletown, CT"
2054,Tolland County,CT,202201,1449.92,0.0133,0.107,"Hartford-East Hartford-Middletown, CT"
2054,Tolland County,CT,202202,1424.06,-0.0178,0.0661,"Hartford-East Hartford-Middletown, CT"
2054,Tolland County,CT,202203,1449.11,0.0176,0.0846,"Hartford-East Hartford-Middletown, CT"
2054,Tolland County,CT,202204,1468.2,0.0132,0.0923,"Hartford-East Hartford-Middletown, CT"
2054,Tolland County,CT,202205,1492.29,0.0164,0.1175,"Hartford-East Hartford-Middletown, CT"
2054,Tolland County,CT,202206,1470.14,-0.0148,0.0962,"Hartford-East Hartford-Middletown, CT"
2054,Tolland County,CT,202207,1472.86,0.0019,0.0902,"Hartford-East Hartford-Middletown, CT"
2054,Tolland County,CT,202208,1492.65,0.0134,0.1064,"Hartford-East Hartford-Middletown, CT"
2054,Tolland County,CT,202209,1529.4,0.0246,0.1124,"Hartford-East Hartford-Middletown, CT"
2054,Tolland County,CT,202210,1546.72,0.0113,0.1202,"Hartford-East Hartford-Middletown, CT"
2054,Tolland County,CT,202211,1569.54,0.0148,0.1013,"Hartford-East Hartford-Middletown, CT"
2054,Tolland County,CT,202212,1562.63,-0.0044,0.0921,"Hartford-East Hartford-Middletown, CT"
2054,Tolland County,CT,202301,1570.18,0.0048,0.0829,"Hartford-East Hartford-Middletown, CT"
2054,Tolland County,CT,202302,1574.26,0.0026,0.1055,"Hartford-East Hartford-Middletown, CT"
2054,Tolland County,CT,202303,1577.56,0.0021,0.0886,"Hartford-East Hartford-Middletown, CT"
2054,Tolland County,CT,202304,1606.94,0.0186,0.0945,"Hartford-East Hartford-Middletown, CT"
2054,Tolland County,CT,202305,1608.38,0.0009,0.0778,"Hartford-East Hartford-Middletown, CT"
2054,Tolland County,CT,202306,1630.57,0.0138,0.1091,"Hartford-East Hartford-Middletown, CT"
2054,Tolland County,CT,202307,1619.91,-0.0065,0.0998,"Hartford-East Hartford-Middletown, CT"
2054,Tolland County,CT,202308,1630.43,0.0065,0.0923,"Hartford-East Hartford-Middletown, CT"
2054,Tolland County,CT,202309,1632.72,0.0014,0.0676,"Hartford-East Hartford-Middletown, CT"
2054,Tolland County,CT,202310,1644.51,0.0072,0.0632,"Hartford-East Hartford-Middletown, CT"
2054,Tolland County,CT,202311,1650.2,0.0035,0.0514,"Hartford-East Hartford-Middletown, CT"
2054,Tolland County,CT,202312,1665.85,0.0095,0.0661,"Hartford-East Hartford-Middletown, CT"
2054,Tolland County,CT,202401,1674.49,0.0052,0.0664,"Hartford-East Hartford-Middletown, CT"
2054,Tolland County,CT,202402,1703.08,0.0171,0.0818,"Hartford-East Hartford-Middletown, CT"
2054,Tolland County,CT,202403,1703.82,0.0004,0.08,"Hartford-East Hartford-Middletown, CT"
2054,Tolland County,CT,202404,1729.55,0.0151,0.0763,"Hartford-East Hartford-Middletown, CT"
2054,Tolland County,CT,202405,1727.52,-0.0012,0.0741,"Hartford-East Hartford-Middletown, CT"
2054,Tolland County,CT,202406,1740.12,0.0073,0.0672,"Hartford-East Hartford-Middletown, CT"
2054,Tolland County,CT,202407,1738.32,-0.001,0.0731,"Hartford-East Hartford-Middletown, CT"
2054,Tolland County,CT,202408,1738.52,0.0001,0.0663,"Hartford-East Hartford-Middletown, CT"
2054,Tolland County,CT,202409,1772.68,0.0196,0.0857,"Hartford-East Hartford-Middletown, CT"
2054,Tolland County,CT,202410,1764.23,-0.0048,0.0728,"Hartford-East Hartford-Middletown, CT"
2054,Tolland County,CT,202411,1774.66,0.0059,0.0754,"Hartford-East Hartford-Middletown, CT"
2054,Tolland County,CT,202412,1748.61,-0.0147,0.0497,"Hartford-East Hartford-Middletown, CT"
2054,Tolland County,CT,202501,1765.29,0.0095,0.0542,"Hartford-East Hartford-Middletown, CT"
2054,Tolland County,CT,202502,1819.2,0.0305,0.0682,"Hartford-East Hartford-Middletown, CT"
2054,Tolland County,CT,202503,1872.78,0.0295,0.0992,"Hartford-East Hartford-Middletown, CT"
2054,Tolland County,CT,202504,1826.4,-0.0248,0.056,"Hartford-East Hartford-Middletown, CT"
2054,Tolland County,CT,202505,1797.53,-0.0158,0.0405,"Hartford-East Hartford-Middletown, CT"
2054,Tolland County,CT,202506,1775.84,-0.0121,0.0205,"Hartford-East Hartford-Middletown, CT"
2054,Tolland County,CT,202507,1860.14,0.0475,0.0701,"Hartford-East Hartford-Middletown, CT"
2054,Tolland County,CT,202508,1872.6,0.0067,0.0771,"Hartford-East Hartford-Middletown, CT"
2054,Tolland County,CT,202509,1874.25,0.0009,0.0573,"Hartford-East Hartford-Middletown, CT"
2054,Tolland County,CT,202510,1859.09,-0.0081,0.0538,"Hartford-East Hartford-Middletown, CT"
2054,Tolland County,CT,202511,1843.18,-0.0086,0.0386,"Hartford-East Hartford-Middletown, CT"
2054,Tolland County,CT,202512,1834.18,-0.0049,0.0489,"Hartford-East Hartford-Middletown, CT"
2054,Tolland County,CT,202601,1838.75,0.0025,0.0416,"Hartford-East Hartford-Middletown, CT"
2054,Tolland County,CT,202602,1874.29,0.0193,0.0303,"Hartford-East Hartford-Middletown, CT"
2097,Windham County,CT,202201,1311.27,,,"Worcester, MA-CT"
2097,Windham County,CT,202202,1289.75,-0.0164,,"Worcester, MA-CT"
2097,Windham County,CT,202203,1286.04,-0.0029,,"Worcester, MA-CT"
2097,Windham County,CT,202204,1293.42,0.0057,,"Worcester, MA-CT"
2097,Windham County,CT,202205,1327.34,0.0262,,"Worcester, MA-CT"
2097,Windham County,CT,202206,1352.52,0.019,,"Worcester, MA-CT"
2097,Windham County,CT,202207,1364.43,0.0088,,"Worcester, MA-CT"
2097,Windham County,CT,202208,1382.59,0.0133,,"Worcester, MA-CT"
2097,Windham County,CT,202209,1358.67,-0.0173,,"Worcester, MA-CT"
2097,Windham County,CT,202210,1341.83,-0.0124,,"Worcester, MA-CT"
2097,Windham County,CT,202211,1360.71,0.0141,,"Worcester, MA-CT"
2097,Windham County,CT,202212,1398.66,0.0279,,"Worcester, MA-CT"
2097,Windham County,CT,202301,1437.63,0.0279,0.0964,"Worcester, MA-CT"
2097,Windham County,CT,202302,1411.16,-0.0184,0.0941,"Worcester, MA-CT"
2097,Windham County,CT,202303,1400.93,-0.0073,0.0893,"Worcester, MA-CT"
2097,Windham County,CT,202304,1405.32,0.0031,0.0865,"Worcester, MA-CT"
2097,Windham County,CT,202305,1422.39,0.0121,0.0716,"Worcester, MA-CT"
2097,Windham County,CT,202306,1451.12,0.0202,0.0729,"Worcester, MA-CT"
2097,Windham County,CT,202307,1444.52,-0.0045,0.0587,"Worcester, MA-CT"
2097,Windham County,CT,202308,1455.98,0.0079,0.0531,"Worcester, MA-CT"
2097,Windham County,CT,202309,1472.78,0.0115,0.084,"Worcester, MA-CT"
2097,Windham County,CT,202310,1501.8,0.0197,0.1192,"Worcester, MA-CT"
2097,Windham County,CT,202311,1519.24,0.0116,0.1165,"Worcester, MA-CT"
2097,Windham County,CT,202312,1514.86,-0.0029,0.0831,"Worcester, MA-CT"
2097,Windham County,CT,202401,1513.65,-0.0008,0.0529,"Worcester, MA-CT"
2097,Windham County,CT,202402,1505.55,-0.0054,0.0669,"Worcester, MA-CT"
2097,Windham County,CT,202403,1528.75,0.0154,0.0912,"Worcester, MA-CT"
2097,Windham County,CT,202404,1539.81,0.0072,0.0957,"Worcester, MA-CT"
2097,Windham County,CT,202405,1588.11,0.0314,0.1165,"Worcester, MA-CT"
2097,Windham County,CT,202406,1612.29,0.0152,0.1111,"Worcester, MA-CT"
2097,Windham County,CT,202407,1638.87,0.0165,0.1345,"Worcester, MA-CT"
2097,Windham County,CT,202408,1614.29,-0.015,0.1087,"Worcester, MA-CT"
2097,Windham County,CT,202409,1611.93,-0.0015,0.0945,"Worcester, MA-CT"
2097,Windham County,CT,202410,1614.01,0.0013,0.0747,"Worcester, MA-CT"
2097,Windham County,CT,202411,1648.49,0.0214,0.0851,"Worcester, MA-CT"
2097,Windham County,CT,202412,1634.68,-0.0084,0.0791,"Worcester, MA-CT"
2097,Windham County,CT,202501,1635.3,0.0004,0.0804,"Worcester, MA-CT"
2097,Windham County,CT,202502,1648.24,0.0079,0.0948,"Worcester, MA-CT"
2097,Windham County,CT,202503,1673.53,0.0153,0.0947,"Worcester, MA-CT"
2097,Windham County,CT,202504,1665.74,-0.0047,0.0818,"Worcester, MA-CT"
2097,Windham County,CT,202505,1704.58,0.0233,0.0733,"Worcester, MA-CT"
2097,Windham County,CT,202506,1735.89,0.0184,0.0767,"Worcester, MA-CT"
2097,Windham County,CT,202507,1785.2,0.0284,0.0893,"Worcester, MA-CT"
2097,Windham County,CT,202508,1763.05,-0.0124,0.0921,"Worcester, MA-CT"
2097,Windham County,CT,202509,1787.4,0.0138,0.1089,"Worcester, MA-CT"
2097,Windham County,CT,202510,1810.61,0.013,0.1218,"Worcester, MA-CT"
2097,Windham County,CT,202511,1798.03,-0.0069,0.0907,"Worcester, MA-CT"
2097,Windham County,CT,202512,1759.46,-0.0215,0.0763,"Worcester, MA-CT"
2097,Windham County,CT,202601,1741.11,-0.0104,0.0647,"Worcester, MA-CT"
2097,Windham County,CT,202602,1713.43,-0.0159,0.0395,"Worcester, MA-CT"
2337,Hartford County,CT,201501,1113.29,,,"Hartford-East Hartford-Middletown, CT"
2337,Hartford County,CT,201502,1111.27,-0.0018,,"Hartford-East Hartford-Middletown, CT"
2337,Hartford County,CT,201503,1114.03,0.0025,,"Hartford-East Hartford-Middletown, CT"
2337,Hartford County,CT,201504,1118.64,0.0041,,"Hartford-East Hartford-Middletown, CT"
2337,Hartford County,CT,201505,1126.8,0.0073,,"Hartford-East Hartford-Middletown, CT"
2337,Hartford County,CT,201506,1122.68,-0.0037,,"Hartford-East Hartford-Middletown, CT"
2337,Hartford County,CT,201507,1121.25,-0.0013,,"Hartford-East Hartford-Middletown, CT"
2337,Hartford County,CT,201508,1126.23,0.0044,,"Hartford-East Hartford-Middletown, CT"
2337,Hartford County,CT,201509,1134.25,0.0071,,"Hartford-East Hartford-Middletown, CT"
2337,Hartford County,CT,201510,1143.93,0.0085,,"Hartford-East Hartford-Middletown, CT"
2337,Hartford County,CT,201511,1146.7,0.0024,,"Hartford-East Hartford-Middletown, CT"
2337,Hartford County,CT,201512,1145.29,-0.0012,,"Hartford-East Hartford-Middletown, CT"
2337,Hartford County,CT,201601,1143.07,-0.0019,0.0267,"Hartford-East Hartford-Middletown, CT"
2337,Hartford County,CT,201602,1140.72,-0.0021,0.0265,"Hartford-East Hartford-Middletown, CT"
2337,Hartford County,CT,201603,1144.38,0.0032,0.0272,"Hartford-East Hartford-Middletown, CT"
2337,Hartford County,CT,201604,1142.16,-0.0019,0.021,"Hartford-East Hartford-Middletown, CT"
2337,Hartford County,CT,201605,1150.31,0.0071,0.0209,"Hartford-East Hartford-Middletown, CT"
2337,Hartford County,CT,201606,1152.09,0.0015,0.0262,"Hartford-East Hartford-Middletown, CT"
2337,Hartford County,CT,201607,1156.95,0.0042,0.0318,"Hartford-East Hartford-Middletown, CT"
2337,Hartford County,CT,201608,1154.11,-0.0025,0.0248,"Hartford-East Hartford-Middletown, CT"
2337,Hartford County,CT,201609,1154.11,0.0,0.0175,"Hartford-East Hartford-Middletown, CT"
2337,Hartford County,CT,201610,1147.39,-0.0058,0.003,"Hartford-East Hartford-Middletown, CT"
2337,Hartford County,CT,201611,1156.94,0.0083,0.0089,"Hartford-East Hartford-Middletown, CT"
2337,Hartford County,CT,201612,1157.0,0.0001,0.0102,"Hartford-East Hartford-Middletown, CT"
2337,Hartford County,CT,201701,1165.17,0.0071,0.0193,"Hartford-East Hartford-Middletown, CT"
2337,Hartford County,CT,201702,1160.73,-0.0038,0.0175,"Hartford-East Hartford-Middletown, CT"
2337,Hartford County,CT,201703,1165.93,0.0045,0.0188,"Hartford-East Hartford-Middletown, CT"
2337,Hartford County,CT,201704,1175.16,0.0079,0.0289,"Hartford-East Hartford-Middletown, CT"
2337,Hartford County,CT,201705,1184.02,0.0075,0.0293,"Hartford-East Hartford-Middletown, CT"
2337,Hartford County,CT,201706,1188.62,0.0039,0.0317,"Hartford-East Hartford-Middletown, CT"
2337,Hartford County,CT,201707,1189.91,0.0011,0.0285,"Hartford-East Hartford-Middletown, CT"
2337,Hartford County,CT,201708,1187.07,-0.0024,0.0286,"Hartford-East Hartford-Middletown, CT"
2337,Hartford County,CT,201709,1187.46,0.0003,0.0289,"Hartford-East Hartford-Middletown, CT"
2337,Hartford County,CT,201710,1184.5,-0.0025,0.0323,"Hartford-East Hartford-Middletown, CT"
2337,Hartford County,CT,201711,1184.91,0.0003,0.0242,"Hartford-East Hartford-Middletown, CT"
2337,Hartford County,CT,201712,1185.03,0.0001,0.0242,"Hartford-East Hartford-Middletown, CT"
2337,Hartford County,CT,201801,1188.97,0.0033,0.0204,"Hartford-East Hartford-Middletown, CT"
2337,Hartford County,CT,201802,1191.28,0.0019,0.0263,"Hartford-East Hartford-Middletown, CT"
2337,Hartford County,CT,201803,1196.83,0.0047,0.0265,"Hartford-East Hartford-Middletown, CT"
2337,Hartford County,CT,201804,1204.88,0.0067,0.0253,"Hartford-East Hartford-Middletown, CT"
2337,Hartford County,CT,201805,1213.38,0.0071,0.0248,"Hartford-East Hartford-Middletown, CT"
2337,Hartford County,CT,201806,1219.22,0.0048,0.0258,"Hartford-East Hartford-Middletown, CT"
2337,Hartford County,CT,201807,1215.52,-0.003,0.0215,"Hartford-East Hartford-Middletown, CT"
2337,Hartford County,CT,201808,1214.71,-0.0007,0.0233,"Hartford-East Hartford-Middletown, CT"
2337,Hartford County,CT,201809,1212.25,-0.002,0.0209,"Hartford-East Hartford-Middletown, CT"
2337,Hartford County,CT,201810,1219.66,0.0061,0.0297,"Hartford-East Hartford-Middletown, CT"
2337,Hartford County,CT,201811,1220.43,0.0006,0.03,"Hartford-East Hartford-Middletown, CT"
2337,Hartford County,CT,201812,1223.08,0.0022,0.0321,"Hartford-East Hartford-Middletown, CT"
2337,Hartford County,CT,201901,1221.01,-0.0017,0.027,"Hartford-East Hartford-Middletown, CT"
2337,Hartford County,CT,201902,1225.81,0.0039,0.029,"Hartford-East Hartford-Middletown, CT"
2337,Hartford County,CT,201903,1225.64,-0.0001,0.0241,"Hartford-East Hartford-Middletown, CT"
2337,Hartford County,CT,201904,1237.2,0.0094,0.0268,"Hartford-East Hartford-Middletown, CT"
2337,Hartford County,CT,201905,1242.57,0.0043,0.0241,"Hartford-East Hartford-Middletown, CT"
2337,Hartford County,CT,201906,1254.45,0.0096,0.0289,"Hartford-East Hartford-Middletown, CT"
2337,Hartford County,CT,201907,1253.43,-0.0008,0.0312,"Hartford-East Hartford-Middletown, CT"
2337,Hartford County,CT,201908,1254.0,0.0005,0.0323,"Hartford-East Hartford-Middletown, CT"
2337,Hartford County,CT,201909,1254.05,0.0,0.0345,"Hartford-East Hartford-Middletown, CT"
2337,Hartford County,CT,201910,1249.55,-0.0036,0.0245,"Hartford-East Hartford-Middletown, CT"
2337,Hartford County,CT,201911,1250.19,0.0005,0.0244,"Hartford-East Hartford-Middletown, CT"
2337,Hartford County,CT,201912,1254.32,0.0033,0.0255,"Hartford-East Hartford-Middletown, CT"
2337,Hartford County,CT,202001,1262.68,0.0067,0.0341,"Hartford-East Hartford-Middletown, CT"
2337,Hartford County,CT,202002,1263.79,0.0009,0.031,"Hartford-East Hartford-Middletown, CT"
2337,Hartford County,CT,202003,1267.54,0.003,0.0342,"Hartford-East Hartford-Middletown, CT"
2337,Hartford County,CT,202004,1275.29,0.0061,0.0308,"Hartford-East Hartford-Middletown, CT"
2337,Hartford County,CT,202005,1280.45,0.004,0.0305,"Hartford-East Hartford-Middletown, CT"
2337,Hartford County,CT,202006,1281.57,0.0009,0.0216,"Hartford-East Hartford-Middletown, CT"
2337,Hartford County,CT,202007,1282.7,0.0009,0.0233,"Hartford-East Hartford-Middletown, CT"
2337,Hartford County,CT,202008,1291.44,0.0068,0.0299,"Hartford-East Hartford-Middletown, CT"
2337,Hartford County,CT,202009,1305.36,0.0108,0.0409,"Hartford-East Hartford-Middletown, CT"
2337,Hartford County,CT,202010,1317.31,0.0092,0.0542,"Hartford-East Hartford-Middletown, CT"
2337,Hartford County,CT,202011,1318.01,0.0005,0.0542,"Hartford-East Hartford-Middletown, CT"
2337,Hartford County,CT,202012,1319.51,0.0011,0.052,"Hartford-East Hartford-Middletown, CT"
2337,Hartford County,CT,202101,1320.26,0.0006,0.0456,"Hartford-East Hartford-Middletown, CT"
2337,Hartford County,CT,202102,1335.63,0.0116,0.0568,"Hartford-East Hartford-Middletown, CT"
2337,Hartford County,CT,202103,1343.6,0.006,0.06,"Hartford-East Hartford-Middletown, CT"
2337,Hartford County,CT,202104,1361.98,0.0137,0.068,"Hartford-East Hartford-Middletown, CT"
2337,Hartford County,CT,202105,1382.82,0.0153,0.0799,"Hartford-East Hartford-Middletown, CT"
2337,Hartford County,CT,202106,1407.13,0.0176,0.098,"Hartford-East Hartford-Middletown, CT"
2337,Hartford County,CT,202107,1432.34,0.0179,0.1167,"Hartford-East Hartford-Middletown, CT"
2337,Hartford County,CT,202108,1446.78,0.0101,0.1203,"Hartford-East Hartford-Middletown, CT"
2337,Hartford County,CT,202109,1464.58,0.0123,0.122,"Hartford-East Hartford-Middletown, CT"
2337,Hartford County,CT,202110,1463.08,-0.001,0.1107,"Hartford-East Hartford-Middletown, CT"
2337,Hartford County,CT,202111,1475.68,0.0086,0.1196,"Hartford-East Hartford-Middletown, CT"
2337,Hartford County,CT,202112,1480.29,0.0031,0.1218,"Hartford-East Hartford-Middletown, CT"
2337,Hartford County,CT,202201,1491.81,0.0078,0.1299,"Hartford-East Hartford-Middletown, CT"
2337,Hartford County,CT,202202,1499.69,0.0053,0.1228,"Hartford-East Hartford-Middletown, CT"
2337,Hartford County,CT,202203,1509.02,0.0062,0.1231,"Hartford-East Hartford-Middletown, CT"
2337,Hartford County,CT,202204,1525.34,0.0108,0.1199,"Hartford-East Hartford-Middletown, CT"
2337,Hartford County,CT,202205,1542.11,0.011,0.1152,"Hartford-East Hartford-Middletown, CT"
2337,Hartford County,CT,202206,1553.87,0.0076,0.1043,"Hartford-East Hartford-Middletown, CT"
2337,Hartford County,CT,202207,1566.81,0.0083,0.0939,"Hartford-East Hartford-Middletown, CT"
2337,Hartford County,CT,202208,1574.37,0.0048,0.0882,"Hartford-East Hartford-Middletown, CT"
2337,Hartford County,CT,202209,1585.71,0.0072,0.0827,"Hartford-East Hartford-Middletown, CT"
2337,Hartford County,CT,202210,1589.67,0.0025,0.0865,"Hartford-East Hartford-Middletown, CT"
2337,Hartford County,CT,202211,1585.86,-0.0024,0.0747,"Hartford-East Hartford-Middletown, CT"
2337,Hartford County,CT,202212,1580.94,-0.0031,0.068,"Hartford-East Hartford-Middletown, CT"
2337,Hartford County,CT,202301,1578.36,-0.0016,0.058,"Hartford-East Hartford-Middletown, CT"
2337,Hartford County,CT,202302,1595.15,0.0106,0.0637,"Hartford-East Hartford-Middletown, CT"
2337,Hartford County,CT,202303,1616.81,0.0136,0.0714,"Hartford-East Hartford-Middletown, CT"
2337,Hartford County,CT,202304,1639.86,0.0143,0.0751,"Hartford-East Hartford-Middletown, CT"
2337,Hartford County,CT,202305,1657.97,0.011,0.0751,"Hartford-East Hartford-Middletown, CT"
2337,Hartford County,CT,202306,1669.53,0.007,0.0744,"Hartford-East Hartford-Middletown, CT"
2337,Hartford County,CT,202307,1678.89,0.0056,0.0715,"Hartford-East Hartford-Middletown, CT"
2337,Hartford County,CT,202308,1683.9,0.003,0.0696,"Hartford-East Hartford-Middletown, CT"
2337,Hartford County,CT,202309,1691.36,0.0044,0.0666,"Hartford-East Hartford-Middletown, CT"
2337,Hartford County,CT,202310,1699.29,0.0047,0.069,"Hartford-East Hartford-Middletown, CT"
2337,Hartford County,CT,202311,1697.07,-0.0013,0.0701,"Hartford-East Hartford-Middletown, CT"
2337,Hartford County,CT,202312,1696.93,-0.0001,0.0734,"Hartford-East Hartford-Middletown, CT"
2337,Hartford County,CT,202401,1701.12,0.0025,0.0778,"Hartford-East Hartford-Middletown, CT"
2337,Hartford County,CT,202402,1713.85,0.0075,0.0744,"Hartford-East Hartford-Middletown, CT"
2337,Hartford County,CT,202403,1736.65,0.0133,0.0741,"Hartford-East Hartford-Middletown, CT"
2337,Hartford County,CT,202404,1754.49,0.0103,0.0699,"Hartford-East Hartford-Middletown, CT"
2337,Hartford County,CT,202405,1774.09,0.0112,0.07,"Hartford-East Hartford-Middletown, CT"
2337,Hartford County,CT,202406,1787.75,0.0077,0.0708,"Hartford-East Hartford-Middletown, CT"
2337,Hartford County,CT,202407,1798.59,0.0061,0.0713,"Hartford-East Hartford-Middletown, CT"
2337,Hartford County,CT,202408,1807.04,0.0047,0.0731,"Hartford-East Hartford-Middletown, CT"
2337,Hartford County,CT,202409,1808.04,0.0006,0.069,"Hartford-East Hartford-Middletown, CT"
2337,Hartford County,CT,202410,1809.76,0.0009,0.065,"Hartford-East Hartford-Middletown, CT"
2337,Hartford County,CT,202411,1807.95,-0.001,0.0653,"Hartford-East Hartford-Middletown, CT"
2337,Hartford County,CT,202412,1819.77,0.0065,0.0724,"Hartford-East Hartford-Middletown, CT"
2337,Hartford County,CT,202501,1823.46,0.002,0.0719,"Hartford-East Hartford-Middletown, CT"
2337,Hartford County,CT,202502,1832.17,0.0048,0.069,"Hartford-East Hartford-Middletown, CT"
2337,Hartford County,CT,202503,1840.46,0.0045,0.0598,"Hartford-East Hartford-Middletown, CT"
2337,Hartford County,CT,202504,1850.0,0.0052,0.0544,"Hartford-East Hartford-Middletown, CT"
2337,Hartford County,CT,202505,1865.3,0.0083,0.0514,"Hartford-East Hartford-Middletown, CT"
2337,Hartford County,CT,202506,1868.04,0.0015,0.0449,"Hartford-East Hartford-Middletown, CT"
2337,Hartford County,CT,202507,1879.88,0.0063,0.0452,"Hartford-East Hartford-Middletown, CT"
2337,Hartford County,CT,202508,1880.79,0.0005,0.0408,"Hartford-East Hartford-Middletown, CT"
2337,Hartford County,CT,202509,1878.74,-0.0011,0.0391,"Hartford-East Hartford-Middletown, CT"
2337,Hartford County,CT,202510,1874.91,-0.002,0.036,"Hartford-East Hartford-Middletown, CT"
2337,Hartford County,CT,202511,1879.99,0.0027,0.0398,"Hartford-East Hartford-Middletown, CT"
2337,Hartford County,CT,202512,1878.79,-0.0006,0.0324,"Hartford-East Hartford-Middletown, CT"
2337,Hartford County,CT,202601,1883.26,0.0024,0.0328,"Hartford-East Hartford-Middletown, CT"
2337,Hartford County,CT,202602,1880.26,-0.0016,0.0262,"Hartford-East Hartford-Middletown, CT"
2694,Fairfield County,CT,201501,1627.41,,,"Bridgeport-Stamford-Norwalk, CT"
2694,Fairfield County,CT,201502,1639.83,0.0076,,"Bridgeport-Stamford-Norwalk, CT"
2694,Fairfield County,CT,201503,1655.73,0.0097,,"Bridgeport-Stamford-Norwalk, CT"
2694,Fairfield County,CT,201504,1662.51,0.0041,,"Bridgeport-Stamford-Norwalk, CT"
2694,Fairfield County,CT,201505,1669.83,0.0044,,"Bridgeport-Stamford-Norwalk, CT"
2694,Fairfield County,CT,201506,1672.48,0.0016,,"Bridgeport-Stamford-Norwalk, CT"
2694,Fairfield County,CT,201507,1689.68,0.0103,,"Bridgeport-Stamford-Norwalk, CT"
2694,Fairfield County,CT,201508,1692.62,0.0017,,"Bridgeport-Stamford-Norwalk, CT"
2694,Fairfield County,CT,201509,1690.16,-0.0015,,"Bridgeport-Stamford-Norwalk, CT"
2694,Fairfield County,CT,201510,1678.01,-0.0072,,"Bridgeport-Stamford-Norwalk, CT"
2694,Fairfield County,CT,201511,1679.38,0.0008,,"Bridgeport-Stamford-Norwalk, CT"
2694,Fairfield County,CT,201512,1674.33,-0.003,,"Bridgeport-Stamford-Norwalk, CT"
2694,Fairfield County,CT,201601,1686.38,0.0072,0.0362,"Bridgeport-Stamford-Norwalk, CT"
2694,Fairfield County,CT,201602,1685.94,-0.0003,0.0281,"Bridgeport-Stamford-Norwalk, CT"
2694,Fairfield County,CT,201603,1696.92,0.0065,0.0249,"Bridgeport-Stamford-Norwalk, CT"
2694,Fairfield County,CT,201604,1703.59,0.0039,0.0247,"Bridgeport-Stamford-Norwalk, CT"
2694,Fairfield County,CT,201605,1712.44,0.0052,0.0255,"Bridgeport-Stamford-Norwalk, CT"
2694,Fairfield County,CT,201606,1716.75,0.0025,0.0265,"Bridgeport-Stamford-Norwalk, CT"
2694,Fairfield County,CT,201607,1714.27,-0.0014,0.0146,"Bridgeport-Stamford-Norwalk, CT"
2694,Fairfield County,CT,201608,1711.45,-0.0016,0.0111,"Bridgeport-Stamford-Norwalk, CT"
2694,Fairfield County,CT,201609,1709.06,-0.0014,0.0112,"Bridgeport-Stamford-Norwalk, CT"
2694,Fairfield County,CT,201610,1710.97,0.0011,0.0196,"Bridgeport-Stamford-Norwalk, CT"
2694,Fairfield County,CT,201611,1700.25,-0.0063,0.0124,"Bridgeport-Stamford-Norwalk, CT"
2694,Fairfield County,CT,201612,1696.64,-0.0021,0.0133,"Bridgeport-Stamford-Norwalk, CT"
2694,Fairfield County,CT,201701,1693.67,-0.0018,0.0043,"Bridgeport-Stamford-Norwalk, CT"
2694,Fairfield County,CT,201702,1714.32,0.0122,0.0168,"Bridgeport-Stamford-Norwalk, CT"
2694,Fairfield County,CT,201703,1726.26,0.007,0.0173,"Bridgeport-Stamford-Norwalk, CT"
2694,Fairfield County,CT,201704,1747.61,0.0124,0.0258,"Bridgeport-Stamford-Norwalk, CT"
2694,Fairfield County,CT,201705,1765.71,0.0104,0.0311,"Bridgeport-Stamford-Norwalk, CT"
2694,Fairfield County,CT,201706,1775.92,0.0058,0.0345,"Bridgeport-Stamford-Norwalk, CT"
2694,Fairfield County,CT,201707,1771.49,-0.0025,0.0334,"Bridgeport-Stamford-Norwalk, CT"
2694,Fairfield County,CT,201708,1762.62,-0.005,0.0299,"Bridgeport-Stamford-Norwalk, CT"
2694,Fairfield County,CT,201709,1755.46,-0.0041,0.0271,"Bridgeport-Stamford-Norwalk, CT"
2694,Fairfield County,CT,201710,1756.48,0.0006,0.0266,"Bridgeport-Stamford-Norwalk, CT"
2694,Fairfield County,CT,201711,1750.77,-0.0032,0.0297,"Bridgeport-Stamford-Norwalk, CT"
2694,Fairfield County,CT,201712,1761.65,0.0062,0.0383,"Bridgeport-Stamford-Norwalk, CT"
2694,Fairfield County,CT,201801,1762.47,0.0005,0.0406,"Bridgeport-Stamford-Norwalk, CT"
2694,Fairfield County,CT,201802,1789.29,0.0152,0.0437,"Bridgeport-Stamford-Norwalk, CT"
2694,Fairfield County,CT,201803,1798.21,0.005,0.0417,"Bridgeport-Stamford-Norwalk, CT"
2694,Fairfield County,CT,201804,1810.83,0.007,0.0362,"Bridgeport-Stamford-Norwalk, CT"
2694,Fairfield County,CT,201805,1813.22,0.0013,0.0269,"Bridgeport-Stamford-Norwalk, CT"
2694,Fairfield County,CT,201806,1827.12,0.0077,0.0288,"Bridgeport-Stamford-Norwalk, CT"
2694,Fairfield County,CT,201807,1830.41,0.0018,0.0333,"Bridgeport-Stamford-Norwalk, CT"
2694,Fairfield County,CT,201808,1827.48,-0.0016,0.0368,"Bridgeport-Stamford-Norwalk, CT"
2694,Fairfield County,CT,201809,1829.43,0.0011,0.0421,"Bridgeport-Stamford-Norwalk, CT"
2694,Fairfield County,CT,201810,1827.33,-0.0011,0.0403,"Bridgeport-Stamford-Norwalk, CT"
2694,Fairfield County,CT,201811,1833.27,0.0032,0.0471,"Bridgeport-Stamford-Norwalk, CT"
2694,Fairfield County,CT,201812,1832.99,-0.0002,0.0405,"Bridgeport-Stamford-Norwalk, CT"
2694,Fairfield County,CT,201901,1841.81,0.0048,0.045,"Bridgeport-Stamford-Norwalk, CT"
2694,Fairfield County,CT,201902,1845.61,0.0021,0.0315,"Bridgeport-Stamford-Norwalk, CT"
2694,Fairfield County,CT,201903,1853.98,0.0045,0.031,"Bridgeport-Stamford-Norwalk, CT"
2694,Fairfield County,CT,201904,1867.05,0.007,0.031,"Bridgeport-Stamford-Norwalk, CT"
2694,Fairfield County,CT,201905,1875.06,0.0043,0.0341,"Bridgeport-Stamford-Norwalk, CT"
2694,Fairfield County,CT,201906,1883.28,0.0044,0.0307,"Bridgeport-Stamford-Norwalk, CT"
2694,Fairfield County,CT,201907,1885.0,0.0009,0.0298,"Bridgeport-Stamford-Norwalk, CT"
2694,Fairfield County,CT,201908,1884.11,-0.0005,0.031,"Bridgeport-Stamford-Norwalk, CT"
2694,Fairfield County,CT,201909,1885.45,0.0007,0.0306,"Bridgeport-Stamford-Norwalk, CT"
2694,Fairfield County,CT,201910,1890.59,0.0027,0.0346,"Bridgeport-Stamford-Norwalk, CT"
2694,Fairfield County,CT,201911,1887.76,-0.0015,0.0297,"Bridgeport-Stamford-Norwalk, CT"
2694,Fairfield County,CT,201912,1885.4,-0.0012,0.0286,"Bridgeport-Stamford-Norwalk, CT"
2694,Fairfield County,CT,202001,1889.0,0.0019,0.0256,"Bridgeport-Stamford-Norwalk, CT"
2694,Fairfield County,CT,202002,1908.26,0.0102,0.0339,"Bridgeport-Stamford-Norwalk, CT"
2694,Fairfield County,CT,202003,1917.67,0.0049,0.0344,"Bridgeport-Stamford-Norwalk, CT"
2694,Fairfield County,CT,202004,1930.37,0.0066,0.0339,"Bridgeport-Stamford-Norwalk, CT"
2694,Fairfield County,CT,202005,1941.05,0.0055,0.0352,"Bridgeport-Stamford-Norwalk, CT"
2694,Fairfield County,CT,202006,1958.47,0.009,0.0399,"Bridgeport-Stamford-Norwalk, CT"
2694,Fairfield County,CT,202007,1969.69,0.0057,0.0449,"Bridgeport-Stamford-Norwalk, CT"
2694,Fairfield County,CT,202008,1980.77,0.0056,0.0513,"Bridgeport-Stamford-Norwalk, CT"
2694,Fairfield County,CT,202009,1990.5,0.0049,0.0557,"Bridgeport-Stamford-Norwalk, CT"
2694,Fairfield County,CT,202010,2004.26,0.0069,0.0601,"Bridgeport-Stamford-Norwalk, CT"
2694,Fairfield County,CT,202011,2016.23,0.006,0.0681,"Bridgeport-Stamford-Norwalk, CT"
2694,Fairfield County,CT,202012,2016.74,0.0003,0.0697,"Bridgeport-Stamford-Norwalk, CT"
2694,Fairfield County,CT,202101,2019.38,0.0013,0.069,"Bridgeport-Stamford-Norwalk, CT"
2694,Fairfield County,CT,202102,2020.89,0.0007,0.059,"Bridgeport-Stamford-Norwalk, CT"
2694,Fairfield County,CT,202103,2045.5,0.0122,0.0667,"Bridgeport-Stamford-Norwalk, CT"
2694,Fairfield County,CT,202104,2076.59,0.0152,0.0757,"Bridgeport-Stamford-Norwalk, CT"
2694,Fairfield County,CT,202105,2118.4,0.0201,0.0914,"Bridgeport-Stamford-Norwalk, CT"
2694,Fairfield County,CT,202106,2152.3,0.016,0.099,"Bridgeport-Stamford-Norwalk, CT"
2694,Fairfield County,CT,202107,2178.71,0.0123,0.1061,"Bridgeport-Stamford-Norwalk, CT"
2694,Fairfield County,CT,202108,2191.24,0.0058,0.1063,"Bridgeport-Stamford-Norwalk, CT"
2694,Fairfield County,CT,202109,2200.38,0.0042,0.1054,"Bridgeport-Stamford-Norwalk, CT"
2694,Fairfield County,CT,202110,2197.51,-0.0013,0.0964,"Bridgeport-Stamford-Norwalk, CT"
2694,Fairfield County,CT,202111,2197.07,-0.0002,0.0897,"Bridgeport-Stamford-Norwalk, CT"
2694,Fairfield County,CT,202112,2201.68,0.0021,0.0917,"Bridgeport-Stamford-Norwalk, CT"
2694,Fairfield County,CT,202201,2218.51,0.0076,0.0986,"Bridgeport-Stamford-Norwalk, CT"
2694,Fairfield County,CT,202202,2240.43,0.0099,0.1086,"Bridgeport-Stamford-Norwalk, CT"
2694,Fairfield County,CT,202203,2268.05,0.0123,0.1088,"Bridgeport-Stamford-Norwalk, CT"
2694,Fairfield County,CT,202204,2303.31,0.0155,0.1092,"Bridgeport-Stamford-Norwalk, CT"
2694,Fairfield County,CT,202205,2346.47,0.0187,0.1077,"Bridgeport-Stamford-Norwalk, CT"
2694,Fairfield County,CT,202206,2384.34,0.0161,0.1078,"Bridgeport-Stamford-Norwalk, CT"
2694,Fairfield County,CT,202207,2405.37,0.0088,0.104,"Bridgeport-Stamford-Norwalk, CT"
2694,Fairfield County,CT,202208,2410.6,0.0022,0.1001,"Bridgeport-Stamford-Norwalk, CT"
2694,Fairfield County,CT,202209,2399.81,-0.0045,0.0906,"Bridgeport-Stamford-Norwalk, CT"
2694,Fairfield County,CT,202210,2389.97,-0.0041,0.0876,"Bridgeport-Stamford-Norwalk, CT"
2694,Fairfield County,CT,202211,2377.34,-0.0053,0.0821,"Bridgeport-Stamford-Norwalk, CT"
2694,Fairfield County,CT,202212,2366.99,-0.0044,0.0751,"Bridgeport-Stamford-Norwalk, CT"
2694,Fairfield County,CT,202301,2368.44,0.0006,0.0676,"Bridgeport-Stamford-Norwalk, CT"
2694,Fairfield County,CT,202302,2373.01,0.0019,0.0592,"Bridgeport-Stamford-Norwalk, CT"
2694,Fairfield County,CT,202303,2409.66,0.0154,0.0624,"Bridgeport-Stamford-Norwalk, CT"
2694,Fairfield County,CT,202304,2426.34,0.0069,0.0534,"Bridgeport-Stamford-Norwalk, CT"
2694,Fairfield County,CT,202305,2452.94,0.011,0.0454,"Bridgeport-Stamford-Norwalk, CT"
2694,Fairfield County,CT,202306,2466.21,0.0054,0.0343,"Bridgeport-Stamford-Norwalk, CT"
2694,Fairfield County,CT,202307,2485.63,0.0079,0.0334,"Bridgeport-Stamford-Norwalk, CT"
2694,Fairfield County,CT,202308,2493.73,0.0033,0.0345,"Bridgeport-Stamford-Norwalk, CT"
2694,Fairfield County,CT,202309,2482.91,-0.0043,0.0346,"Bridgeport-Stamford-Norwalk, CT"
2694,Fairfield County,CT,202310,2478.14,-0.0019,0.0369,"Bridgeport-Stamford-Norwalk, CT"
2694,Fairfield County,CT,202311,2479.27,0.0005,0.0429,"Bridgeport-Stamford-Norwalk, CT"
2694,Fairfield County,CT,202312,2485.08,0.0023,0.0499,"Bridgeport-Stamford-Norwalk, CT"
2694,Fairfield County,CT,202401,2489.78,0.0019,0.0512,"Bridgeport-Stamford-Norwalk, CT"
2694,Fairfield County,CT,202402,2505.67,0.0064,0.0559,"Bridgeport-Stamford-Norwalk, CT"
2694,Fairfield County,CT,202403,2523.58,0.0071,0.0473,"Bridgeport-Stamford-Norwalk, CT"
2694,Fairfield County,CT,202404,2550.66,0.0107,0.0512,"Bridgeport-Stamford-Norwalk, CT"
2694,Fairfield County,CT,202405,2568.44,0.007,0.0471,"Bridgeport-Stamford-Norwalk, CT"
2694,Fairfield County,CT,202406,2592.14,0.0092,0.0511,"Bridgeport-Stamford-Norwalk, CT"
2694,Fairfield County,CT,202407,2617.27,0.0097,0.053,"Bridgeport-Stamford-Norwalk, CT"
2694,Fairfield County,CT,202408,2634.33,0.0065,0.0564,"Bridgeport-Stamford-Norwalk, CT"
2694,Fairfield County,CT,202409,2634.47,0.0001,0.061,"Bridgeport-Stamford-Norwalk, CT"
2694,Fairfield County,CT,202410,2621.51,-0.0049,0.0579,"Bridgeport-Stamford-Norwalk, CT"
2694,Fairfield County,CT,202411,2623.0,0.0006,0.058,"Bridgeport-Stamford-Norwalk, CT"
2694,Fairfield County,CT,202412,2637.07,0.0054,0.0612,"Bridgeport-Stamford-Norwalk, CT"
2694,Fairfield County,CT,202501,2663.54,0.01,0.0698,"Bridgeport-Stamford-Norwalk, CT"
2694,Fairfield County,CT,202502,2675.49,0.0045,0.0678,"Bridgeport-Stamford-Norwalk, CT"
2694,Fairfield County,CT,202503,2688.48,0.0049,0.0653,"Bridgeport-Stamford-Norwalk, CT"
2694,Fairfield County,CT,202504,2696.28,0.0029,0.0571,"Bridgeport-Stamford-Norwalk, CT"
2694,Fairfield County,CT,202505,2712.51,0.006,0.0561,"Bridgeport-Stamford-Norwalk, CT"
2694,Fairfield County,CT,202506,2720.8,0.0031,0.0496,"Bridgeport-Stamford-Norwalk, CT"
2694,Fairfield County,CT,202507,2727.63,0.0025,0.0422,"Bridgeport-Stamford-Norwalk, CT"
2694,Fairfield County,CT,202508,2729.22,0.0006,0.036,"Bridgeport-Stamford-Norwalk, CT"
2694,Fairfield County,CT,202509,2732.88,0.0013,0.0374,"Bridgeport-Stamford-Norwalk, CT"
2694,Fairfield County,CT,202510,2737.1,0.0015,0.0441,"Bridgeport-Stamford-Norwalk, CT"
2694,Fairfield County,CT,202511,2724.64,-0.0045,0.0387,"Bridgeport-Stamford-Norwalk, CT"
2694,Fairfield County,CT,202512,2721.42,-0.0012,0.032,"Bridgeport-Stamford-Norwalk, CT"
2694,Fairfield County,CT,202601,2719.55,-0.0007,0.021,"Bridgeport-Stamford-Norwalk, CT"
2694,Fairfield County,CT,202602,2730.94,0.0042,0.0207,"Bridgeport-Stamford-Norwalk, CT"
2800,Middlesex County,CT,201503,1130.44,,,"Hartford-East Hartford-Middletown, CT"
2800,Middlesex County,CT,201504,1169.2,0.0343,,"Hartford-East Hartford-Middletown, CT"
2800,Middlesex County,CT,201505,1173.51,0.0037,,"Hartford-East Hartford-Middletown, CT"
2800,Middlesex County,CT,201506,1185.35,0.0101,,"Hartford-East Hartford-Middletown, CT"
2800,Middlesex County,CT,201507,1184.82,-0.0005,,"Hartford-East Hartford-Middletown, CT"
2800,Middlesex County,CT,201508,1186.71,0.0016,,"Hartford-East Hartford-Middletown, CT"
2800,Middlesex County,CT,201509,1201.96,0.0129,,"Hartford-East Hartford-Middletown, CT"
2800,Middlesex County,CT,201510,1189.6,-0.0103,,"Hartford-East Hartford-Middletown, CT"
2800,Middlesex County,CT,201511,1181.6,-0.0067,,"Hartford-East Hartford-Middletown, CT"
2800,Middlesex County,CT,201512,1185.76,0.0035,,"Hartford-East Hartford-Middletown, CT"
2800,Middlesex County,CT,201601,1185.48,-0.0002,,"Hartford-East Hartford-Middletown, CT"
2800,Middlesex County,CT,201602,1199.73,0.012,,"Hartford-East Hartford-Middletown, CT"
2800,Middlesex County,CT,201603,1175.48,-0.0202,0.0398,"Hartford-East Hartford-Middletown, CT"
2800,Middlesex County,CT,201604,1203.12,0.0235,0.029,"Hartford-East Hartford-Middletown, CT"
2800,Middlesex County,CT,201605,1198.68,-0.0037,0.0214,"Hartford-East Hartford-Middletown, CT"
2800,Middlesex County,CT,201606,1227.38,0.0239,0.0355,"Hartford-East Hartford-Middletown, CT"
2800,Middlesex County,CT,201607,1217.68,-0.0079,0.0277,"Hartford-East Hartford-Middletown, CT"
2800,Middlesex County,CT,201608,1227.69,0.0082,0.0345,"Hartford-East Hartford-Middletown, CT"
2800,Middlesex County,CT,201609,1220.38,-0.006,0.0153,"Hartford-East Hartford-Middletown, CT"
2800,Middlesex County,CT,201610,1221.0,0.0005,0.0264,"Hartford-East Hartford-Middletown, CT"
2800,Middlesex County,CT,201611,1213.37,-0.0063,0.0269,"Hartford-East Hartford-Middletown, CT"
2800,Middlesex County,CT,201612,1203.54,-0.0081,0.015,"Hartford-East Hartford-Middletown, CT"
2800,Middlesex County,CT,201701,1194.95,-0.0071,0.008,"Hartford-East Hartford-Middletown, CT"
2800,Middlesex County,CT,201702,1193.18,-0.0015,-0.0055,"Hartford-East Hartford-Middletown, CT"
2800,Middlesex County,CT,201703,1199.52,0.0053,0.0204,"Hartford-East Hartford-Middletown, CT"
2800,Middlesex County,CT,201704,1231.28,0.0265,0.0234,"Hartford-East Hartford-Middletown, CT"
2800,Middlesex County,CT,201705,1253.27,0.0179,0.0455,"Hartford-East Hartford-Middletown, CT"
2800,Middlesex County,CT,201706,1263.56,0.0082,0.0295,"Hartford-East Hartford-Middletown, CT"
2800,Middlesex County,CT,201707,1256.18,-0.0058,0.0316,"Hartford-East Hartford-Middletown, CT"
2800,Middlesex County,CT,201708,1244.4,-0.0094,0.0136,"Hartford-East Hartford-Middletown, CT"
2800,Middlesex County,CT,201709,1221.2,-0.0186,0.0007,"Hartford-East Hartford-Middletown, CT"
2800,Middlesex County,CT,201710,1217.39,-0.0031,-0.003,"Hartford-East Hartford-Middletown, CT"
2800,Middlesex County,CT,201711,1213.78,-0.003,0.0003,"Hartford-East Hartford-Middletown, CT"
2800,Middlesex County,CT,201712,1229.31,0.0128,0.0214,"Hartford-East Hartford-Middletown, CT"
2800,Middlesex County,CT,201801,1227.47,-0.0015,0.0272,"Hartford-East Hartford-Middletown, CT"
2800,Middlesex County,CT,201802,1234.61,0.0058,0.0347,"Hartford-East Hartford-Middletown, CT"
2800,Middlesex County,CT,201803,1252.85,0.0148,0.0445,"Hartford-East Hartford-Middletown, CT"
2800,Middlesex County,CT,201804,1251.73,-0.0009,0.0166,"Hartford-East Hartford-Middletown, CT"
2800,Middlesex County,CT,201805,1266.17,0.0115,0.0103,"Hartford-East Hartford-Middletown, CT"
2800,Middlesex County,CT,201806,1278.62,0.0098,0.0119,"Hartford-East Hartford-Middletown, CT"
2800,Middlesex County,CT,201807,1286.03,0.0058,0.0238,"Hartford-East Hartford-Middletown, CT"
2800,Middlesex County,CT,201808,1287.61,0.0012,0.0347,"Hartford-East Hartford-Middletown, CT"
2800,Middlesex County,CT,201809,1279.33,-0.0064,0.0476,"Hartford-East Hartford-Middletown, CT"
2800,Middlesex County,CT,201810,1275.31,-0.0031,0.0476,"Hartford-East Hartford-Middletown, CT"
2800,Middlesex County,CT,201811,1275.08,-0.0002,0.0505,"Hartford-East Hartford-Middletown, CT"
2800,Middlesex County,CT,201812,1250.99,-0.0189,0.0176,"Hartford-East Hartford-Middletown, CT"
2800,Middlesex County,CT,201901,1257.09,0.0049,0.0241,"Hartford-East Hartford-Middletown, CT"
2800,Middlesex County,CT,201902,1250.56,-0.0052,0.0129,"Hartford-East Hartford-Middletown, CT"
2800,Middlesex County,CT,201903,1295.36,0.0358,0.0339,"Hartford-East Hartford-Middletown, CT"
2800,Middlesex County,CT,201904,1305.72,0.008,0.0431,"Hartford-East Hartford-Middletown, CT"
2800,Middlesex County,CT,201905,1334.83,0.0223,0.0542,"Hartford-East Hartford-Middletown, CT"
2800,Middlesex County,CT,201906,1334.3,-0.0004,0.0435,"Hartford-East Hartford-Middletown, CT"
2800,Middlesex County,CT,201907,1349.28,0.0112,0.0492,"Hartford-East Hartford-Middletown, CT"
2800,Middlesex County,CT,201908,1324.84,-0.0181,0.0289,"Hartford-East Hartford-Middletown, CT"
2800,Middlesex County,CT,201909,1315.36,-0.0072,0.0282,"Hartford-East Hartford-Middletown, CT"
2800,Middlesex County,CT,201910,1302.29,-0.0099,0.0212,"Hartford-East Hartford-Middletown, CT"
2800,Middlesex County,CT,201911,1326.81,0.0188,0.0406,"Hartford-East Hartford-Middletown, CT"
2800,Middlesex County,CT,201912,1321.92,-0.0037,0.0567,"Hartford-East Hartford-Middletown, CT"
2800,Middlesex County,CT,202001,1333.99,0.0091,0.0612,"Hartford-East Hartford-Middletown, CT"
2800,Middlesex County,CT,202002,1333.82,-0.0001,0.0666,"Hartford-East Hartford-Middletown, CT"
2800,Middlesex County,CT,202003,1349.09,0.0114,0.0415,"Hartford-East Hartford-Middletown, CT"
2800,Middlesex County,CT,202004,1353.76,0.0035,0.0368,"Hartford-East Hartford-Middletown, CT"
2800,Middlesex County,CT,202005,1362.61,0.0065,0.0208,"Hartford-East Hartford-Middletown, CT"
2800,Middlesex County,CT,202006,1375.78,0.0097,0.0311,"Hartford-East Hartford-Middletown, CT"
2800,Middlesex County,CT,202007,1392.29,0.012,0.0319,"Hartford-East Hartford-Middletown, CT"
2800,Middlesex County,CT,202008,1413.67,0.0154,0.067,"Hartford-East Hartford-Middletown, CT"
2800,Middlesex County,CT,202009,1425.25,0.0082,0.0835,"Hartford-East Hartford-Middletown, CT"
2800,Middlesex County,CT,202010,1435.42,0.0071,0.1022,"Hartford-East Hartford-Middletown, CT"
2800,Middlesex County,CT,202011,1441.45,0.0042,0.0864,"Hartford-East Hartford-Middletown, CT"
2800,Middlesex County,CT,202012,1453.56,0.0084,0.0996,"Hartford-East Hartford-Middletown, CT"
2800,Middlesex County,CT,202101,1459.66,0.0042,0.0942,"Hartford-East Hartford-Middletown, CT"
2800,Middlesex County,CT,202102,1449.82,-0.0067,0.087,"Hartford-East Hartford-Middletown, CT"
2800,Middlesex County,CT,202103,1446.14,-0.0025,0.0719,"Hartford-East Hartford-Middletown, CT"
2800,Middlesex County,CT,202104,1457.26,0.0077,0.0764,"Hartford-East Hartford-Middletown, CT"
2800,Middlesex County,CT,202105,1480.65,0.0161,0.0866,"Hartford-East Hartford-Middletown, CT"
2800,Middlesex County,CT,202106,1507.43,0.0181,0.0957,"Hartford-East Hartford-Middletown, CT"
2800,Middlesex County,CT,202107,1523.3,0.0105,0.0941,"Hartford-East Hartford-Middletown, CT"
2800,Middlesex County,CT,202108,1539.31,0.0105,0.0889,"Hartford-East Hartford-Middletown, CT"
2800,Middlesex County,CT,202109,1553.29,0.0091,0.0898,"Hartford-East Hartford-Middletown, CT"
2800,Middlesex County,CT,202110,1556.28,0.0019,0.0842,"Hartford-East Hartford-Middletown, CT"
2800,Middlesex County,CT,202111,1568.8,0.008,0.0884,"Hartford-East Hartford-Middletown, CT"
2800,Middlesex County,CT,202112,1579.42,0.0068,0.0866,"Hartford-East Hartford-Middletown, CT"
2800,Middlesex County,CT,202201,1594.22,0.0094,0.0922,"Hartford-East Hartford-Middletown, CT"
2800,Middlesex County,CT,202202,1589.34,-0.0031,0.0962,"Hartford-East Hartford-Middletown, CT"
2800,Middlesex County,CT,202203,1603.59,0.009,0.1089,"Hartford-East Hartford-Middletown, CT"
2800,Middlesex County,CT,202204,1611.7,0.0051,0.106,"Hartford-East Hartford-Middletown, CT"
2800,Middlesex County,CT,202205,1634.82,0.0143,0.1041,"Hartford-East Hartford-Middletown, CT"
2800,Middlesex County,CT,202206,1643.09,0.0051,0.09,"Hartford-East Hartford-Middletown, CT"
2800,Middlesex County,CT,202207,1656.74,0.0083,0.0876,"Hartford-East Hartford-Middletown, CT"
2800,Middlesex County,CT,202208,1675.53,0.0113,0.0885,"Hartford-East Hartford-Middletown, CT"
2800,Middlesex County,CT,202209,1678.6,0.0018,0.0807,"Hartford-East Hartford-Middletown, CT"
2800,Middlesex County,CT,202210,1691.24,0.0075,0.0867,"Hartford-East Hartford-Middletown, CT"
2800,Middlesex County,CT,202211,1674.11,-0.0101,0.0671,"Hartford-East Hartford-Middletown, CT"
2800,Middlesex County,CT,202212,1679.87,0.0034,0.0636,"Hartford-East Hartford-Middletown, CT"
2800,Middlesex County,CT,202301,1703.28,0.0139,0.0684,"Hartford-East Hartford-Middletown, CT"
2800,Middlesex County,CT,202302,1729.67,0.0155,0.0883,"Hartford-East Hartford-Middletown, CT"
2800,Middlesex County,CT,202303,1748.27,0.0108,0.0902,"Hartford-East Hartford-Middletown, CT"
2800,Middlesex County,CT,202304,1749.77,0.0009,0.0857,"Hartford-East Hartford-Middletown, CT"
2800,Middlesex County,CT,202305,1795.55,0.0262,0.0983,"Hartford-East Hartford-Middletown, CT"
2800,Middlesex County,CT,202306,1828.71,0.0185,0.113,"Hartford-East Hartford-Middletown, CT"
2800,Middlesex County,CT,202307,1853.53,0.0136,0.1188,"Hartford-East Hartford-Middletown, CT"
2800,Middlesex County,CT,202308,1851.74,-0.001,0.1052,"Hartford-East Hartford-Middletown, CT"
2800,Middlesex County,CT,202309,1843.89,-0.0042,0.0985,"Hartford-East Hartford-Middletown, CT"
2800,Middlesex County,CT,202310,1815.32,-0.0155,0.0734,"Hartford-East Hartford-Middletown, CT"
2800,Middlesex County,CT,202311,1787.77,-0.0152,0.0679,"Hartford-East Hartford-Middletown, CT"
2800,Middlesex County,CT,202312,1768.96,-0.0105,0.053,"Hartford-East Hartford-Middletown, CT"
2800,Middlesex County,CT,202401,1770.68,0.001,0.0396,"Hartford-East Hartford-Middletown, CT"
2800,Middlesex County,CT,202402,1786.38,0.0089,0.0328,"Hartford-East Hartford-Middletown, CT"
2800,Middlesex County,CT,202403,1818.77,0.0181,0.0403,"Hartford-East Hartford-Middletown, CT"
2800,Middlesex County,CT,202404,1861.11,0.0233,0.0636,"Hartford-East Hartford-Middletown, CT"
2800,Middlesex County,CT,202405,1901.74,0.0218,0.0591,"Hartford-East Hartford-Middletown, CT"
2800,Middlesex County,CT,202406,1934.14,0.017,0.0577,"Hartford-East Hartford-Middletown, CT"
2800,Middlesex County,CT,202407,1953.99,0.0103,0.0542,"Hartford-East Hartford-Middletown, CT"
2800,Middlesex County,CT,202408,1976.38,0.0115,0.0673,"Hartford-East Hartford-Middletown, CT"
2800,Middlesex County,CT,202409,1977.21,0.0004,0.0723,"Hartford-East Hartford-Middletown, CT"
2800,Middlesex County,CT,202410,1975.15,-0.001,0.088,"Hartford-East Hartford-Middletown, CT"
2800,Middlesex County,CT,202411,1963.39,-0.006,0.0982,"Hartford-East Hartford-Middletown, CT"
2800,Middlesex County,CT,202412,1955.55,-0.004,0.1055,"Hartford-East Hartford-Middletown, CT"
2800,Middlesex County,CT,202501,1951.47,-0.0021,0.1021,"Hartford-East Hartford-Middletown, CT"
2800,Middlesex County,CT,202502,1949.56,-0.001,0.0913,"Hartford-East Hartford-Middletown, CT"
2800,Middlesex County,CT,202503,1961.99,0.0064,0.0787,"Hartford-East Hartford-Middletown, CT"
2800,Middlesex County,CT,202504,2006.5,0.0227,0.0781,"Hartford-East Hartford-Middletown, CT"
2800,Middlesex County,CT,202505,2044.66,0.019,0.0752,"Hartford-East Hartford-Middletown, CT"
2800,Middlesex County,CT,202506,2066.17,0.0105,0.0683,"Hartford-East Hartford-Middletown, CT"
2800,Middlesex County,CT,202507,2069.93,0.0018,0.0593,"Hartford-East Hartford-Middletown, CT"
2800,Middlesex County,CT,202508,2061.06,-0.0043,0.0428,"Hartford-East Hartford-Middletown, CT"
2800,Middlesex County,CT,202509,2064.27,0.0016,0.044,"Hartford-East Hartford-Middletown, CT"
2800,Middlesex County,CT,202510,2061.02,-0.0016,0.0435,"Hartford-East Hartford-Middletown, CT"
2800,Middlesex County,CT,202511,2045.83,-0.0074,0.042,"Hartford-East Hartford-Middletown, CT"
2800,Middlesex County,CT,202512,2024.79,-0.0103,0.0354,"Hartford-East Hartford-Middletown, CT"
2800,Middlesex County,CT,202601,1999.6,-0.0124,0.0247,"Hartford-East Hartford-Middletown, CT"
2800,Middlesex County,CT,202602,1996.68,-0.0015,0.0242,"Hartford-East Hartford-Middletown, CT"
2815,New Haven County,CT,201501,1125.52,,,"New Haven-Milford, CT"
2815,New Haven County,CT,201502,1125.91,0.0004,,"New Haven-Milford, CT"
2815,New Haven County,CT,201503,1139.8,0.0123,,"New Haven-Milford, CT"
2815,New Haven County,CT,201504,1144.71,0.0043,,"New Haven-Milford, CT"
2815,New Haven County,CT,201505,1148.66,0.0035,,"New Haven-Milford, CT"
2815,New Haven County,CT,201506,1146.15,-0.0022,,"New Haven-Milford, CT"
2815,New Haven County,CT,201507,1150.52,0.0038,,"New Haven-Milford, CT"
2815,New Haven County,CT,201508,1156.05,0.0048,,"New Haven-Milford, CT"
2815,New Haven County,CT,201509,1153.27,-0.0024,,"New Haven-Milford, CT"
2815,New Haven County,CT,201510,1145.55,-0.0067,,"New Haven-Milford, CT"
2815,New Haven County,CT,201511,1137.12,-0.0074,,"New Haven-Milford, CT"
2815,New Haven County,CT,201512,1135.63,-0.0013,,"New Haven-Milford, CT"
2815,New Haven County,CT,201601,1146.97,0.01,0.0191,"New Haven-Milford, CT"
2815,New Haven County,CT,201602,1158.57,0.0101,0.029,"New Haven-Milford, CT"
2815,New Haven County,CT,201603,1171.88,0.0115,0.0281,"New Haven-Milford, CT"
2815,New Haven County,CT,201604,1177.19,0.0045,0.0284,"New Haven-Milford, CT"
2815,New Haven County,CT,201605,1187.44,0.0087,0.0338,"New Haven-Milford, CT"
2815,New Haven County,CT,201606,1191.21,0.0032,0.0393,"New Haven-Milford, CT"
2815,New Haven County,CT,201607,1187.0,-0.0035,0.0317,"New Haven-Milford, CT"
2815,New Haven County,CT,201608,1178.73,-0.007,0.0196,"New Haven-Milford, CT"
2815,New Haven County,CT,201609,1174.57,-0.0035,0.0185,"New Haven-Milford, CT"
2815,New Haven County,CT,201610,1169.7,-0.0041,0.0211,"New Haven-Milford, CT"
2815,New Haven County,CT,201611,1167.75,-0.0017,0.0269,"New Haven-Milford, CT"
2815,New Haven County,CT,201612,1167.26,-0.0004,0.0279,"New Haven-Milford, CT"
2815,New Haven County,CT,201701,1179.49,0.0105,0.0283,"New Haven-Milford, CT"
2815,New Haven County,CT,201702,1190.56,0.0094,0.0276,"New Haven-Milford, CT"
2815,New Haven County,CT,201703,1197.29,0.0057,0.0217,"New Haven-Milford, CT"
2815,New Haven County,CT,201704,1206.0,0.0073,0.0245,"New Haven-Milford, CT"
2815,New Haven County,CT,201705,1210.11,0.0034,0.0191,"New Haven-Milford, CT"
2815,New Haven County,CT,201706,1216.93,0.0056,0.0216,"New Haven-Milford, CT"
2815,New Haven County,CT,201707,1215.35,-0.0013,0.0239,"New Haven-Milford, CT"
2815,New Haven County,CT,201708,1216.96,0.0013,0.0324,"New Haven-Milford, CT"
2815,New Haven County,CT,201709,1210.36,-0.0054,0.0305,"New Haven-Milford, CT"
2815,New Haven County,CT,201710,1204.47,-0.0049,0.0297,"New Haven-Milford, CT"
2815,New Haven County,CT,201711,1197.87,-0.0055,0.0258,"New Haven-Milford, CT"
2815,New Haven County,CT,201712,1203.21,0.0045,0.0308,"New Haven-Milford, CT"
2815,New Haven County,CT,201801,1209.38,0.0051,0.0253,"New Haven-Milford, CT"
2815,New Haven County,CT,201802,1221.17,0.0097,0.0257,"New Haven-Milford, CT"
2815,New Haven County,CT,201803,1234.81,0.0112,0.0313,"New Haven-Milford, CT"
2815,New Haven County,CT,201804,1245.94,0.009,0.0331,"New Haven-Milford, CT"
2815,New Haven County,CT,201805,1249.13,0.0026,0.0322,"New Haven-Milford, CT"
2815,New Haven County,CT,201806,1250.88,0.0014,0.0279,"New Haven-Milford, CT"
2815,New Haven County,CT,201807,1250.42,-0.0004,0.0289,"New Haven-Milford, CT"
2815,New Haven County,CT,201808,1250.46,0.0,0.0275,"New Haven-Milford, CT"
2815,New Haven County,CT,201809,1249.68,-0.0006,0.0325,"New Haven-Milford, CT"
2815,New Haven County,CT,201810,1247.18,-0.002,0.0355,"New Haven-Milford, CT"
2815,New Haven County,CT,201811,1244.41,-0.0022,0.0389,"New Haven-Milford, CT"
2815,New Haven County,CT,201812,1249.56,0.0041,0.0385,"New Haven-Milford, CT"
2815,New Haven County,CT,201901,1260.71,0.0089,0.0424,"New Haven-Milford, CT"
2815,New Haven County,CT,201902,1278.93,0.0145,0.0473,"New Haven-Milford, CT"
2815,New Haven County,CT,201903,1285.54,0.0052,0.0411,"New Haven-Milford, CT"
2815,New Haven County,CT,201904,1293.38,0.0061,0.0381,"New Haven-Milford, CT"
2815,New Haven County,CT,201905,1294.56,0.0009,0.0364,"New Haven-Milford, CT"
2815,New Haven County,CT,201906,1296.94,0.0018,0.0368,"New Haven-Milford, CT"
2815,New Haven County,CT,201907,1291.29,-0.0044,0.0327,"New Haven-Milford, CT"
2815,New Haven County,CT,201908,1288.7,-0.002,0.0306,"New Haven-Milford, CT"
2815,New Haven County,CT,201909,1287.54,-0.0009,0.0303,"New Haven-Milford, CT"
2815,New Haven County,CT,201910,1292.46,0.0038,0.0363,"New Haven-Milford, CT"
2815,New Haven County,CT,201911,1295.44,0.0023,0.041,"New Haven-Milford, CT"
2815,New Haven County,CT,201912,1296.95,0.0012,0.0379,"New Haven-Milford, CT"
2815,New Haven County,CT,202001,1299.56,0.002,0.0308,"New Haven-Milford, CT"
2815,New Haven County,CT,202002,1312.19,0.0097,0.026,"New Haven-Milford, CT"
2815,New Haven County,CT,202003,1329.12,0.0129,0.0339,"New Haven-Milford, CT"
2815,New Haven County,CT,202004,1340.8,0.0088,0.0367,"New Haven-Milford, CT"
2815,New Haven County,CT,202005,1345.3,0.0034,0.0392,"New Haven-Milford, CT"
2815,New Haven County,CT,202006,1347.18,0.0014,0.0387,"New Haven-Milford, CT"
2815,New Haven County,CT,202007,1347.26,0.0001,0.0433,"New Haven-Milford, CT"
2815,New Haven County,CT,202008,1352.17,0.0036,0.0492,"New Haven-Milford, CT"
2815,New Haven County,CT,202009,1359.59,0.0055,0.056,"New Haven-Milford, CT"
2815,New Haven County,CT,202010,1372.89,0.0098,0.0622,"New Haven-Milford, CT"
2815,New Haven County,CT,202011,1375.39,0.0018,0.0617,"New Haven-Milford, CT"
2815,New Haven County,CT,202012,1375.89,0.0004,0.0609,"New Haven-Milford, CT"
2815,New Haven County,CT,202101,1385.15,0.0067,0.0659,"New Haven-Milford, CT"
2815,New Haven County,CT,202102,1400.81,0.0113,0.0675,"New Haven-Milford, CT"
2815,New Haven County,CT,202103,1414.35,0.0097,0.0641,"New Haven-Milford, CT"
2815,New Haven County,CT,202104,1422.05,0.0054,0.0606,"New Haven-Milford, CT"
2815,New Haven County,CT,202105,1444.38,0.0157,0.0737,"New Haven-Milford, CT"
2815,New Haven County,CT,202106,1466.92,0.0156,0.0889,"New Haven-Milford, CT"
2815,New Haven County,CT,202107,1499.53,0.0222,0.113,"New Haven-Milford, CT"
2815,New Haven County,CT,202108,1509.09,0.0064,0.1161,"New Haven-Milford, CT"
2815,New Haven County,CT,202109,1530.38,0.0141,0.1256,"New Haven-Milford, CT"
2815,New Haven County,CT,202110,1529.0,-0.0009,0.1137,"New Haven-Milford, CT"
2815,New Haven County,CT,202111,1541.41,0.0081,0.1207,"New Haven-Milford, CT"
2815,New Haven County,CT,202112,1551.38,0.0065,0.1276,"New Haven-Milford, CT"
2815,New Haven County,CT,202201,1563.46,0.0078,0.1287,"New Haven-Milford, CT"
2815,New Haven County,CT,202202,1572.0,0.0055,0.1222,"New Haven-Milford, CT"
2815,New Haven County,CT,202203,1586.81,0.0094,0.1219,"New Haven-Milford, CT"
2815,New Haven County,CT,202204,1616.17,0.0185,0.1365,"New Haven-Milford, CT"
2815,New Haven County,CT,202205,1643.18,0.0167,0.1376,"New Haven-Milford, CT"
2815,New Haven County,CT,202206,1655.27,0.0074,0.1284,"New Haven-Milford, CT"
2815,New Haven County,CT,202207,1666.48,0.0068,0.1113,"New Haven-Milford, CT"
2815,New Haven County,CT,202208,1672.03,0.0033,0.108,"New Haven-Milford, CT"
2815,New Haven County,CT,202209,1682.18,0.0061,0.0992,"New Haven-Milford, CT"
2815,New Haven County,CT,202210,1681.09,-0.0006,0.0995,"New Haven-Milford, CT"
2815,New Haven County,CT,202211,1685.53,0.0026,0.0935,"New Haven-Milford, CT"
2815,New Haven County,CT,202212,1683.68,-0.0011,0.0853,"New Haven-Milford, CT"
2815,New Haven County,CT,202301,1698.66,0.0089,0.0865,"New Haven-Milford, CT"
2815,New Haven County,CT,202302,1705.5,0.004,0.0849,"New Haven-Milford, CT"
2815,New Haven County,CT,202303,1718.46,0.0076,0.083,"New Haven-Milford, CT"
2815,New Haven County,CT,202304,1725.55,0.0041,0.0677,"New Haven-Milford, CT"
2815,New Haven County,CT,202305,1744.93,0.0112,0.0619,"New Haven-Milford, CT"
2815,New Haven County,CT,202306,1772.39,0.0157,0.0708,"New Haven-Milford, CT"
2815,New Haven County,CT,202307,1795.57,0.0131,0.0775,"New Haven-Milford, CT"
2815,New Haven County,CT,202308,1810.17,0.0081,0.0826,"New Haven-Milford, CT"
2815,New Haven County,CT,202309,1806.95,-0.0018,0.0742,"New Haven-Milford, CT"
2815,New Haven County,CT,202310,1808.65,0.0009,0.0759,"New Haven-Milford, CT"
2815,New Haven County,CT,202311,1815.31,0.0037,0.077,"New Haven-Milford, CT"
2815,New Haven County,CT,202312,1823.2,0.0043,0.0829,"New Haven-Milford, CT"
2815,New Haven County,CT,202401,1832.38,0.005,0.0787,"New Haven-Milford, CT"
2815,New Haven County,CT,202402,1839.31,0.0038,0.0785,"New Haven-Milford, CT"
2815,New Haven County,CT,202403,1856.99,0.0096,0.0806,"New Haven-Milford, CT"
2815,New Haven County,CT,202404,1872.79,0.0085,0.0853,"New Haven-Milford, CT"
2815,New Haven County,CT,202405,1893.04,0.0108,0.0849,"New Haven-Milford, CT"
2815,New Haven County,CT,202406,1912.05,0.01,0.0788,"New Haven-Milford, CT"
2815,New Haven County,CT,202407,1927.04,0.0078,0.0732,"New Haven-Milford, CT"
2815,New Haven County,CT,202408,1935.42,0.0044,0.0692,"New Haven-Milford, CT"
2815,New Haven County,CT,202409,1933.18,-0.0012,0.0699,"New Haven-Milford, CT"
2815,New Haven County,CT,202410,1934.17,0.0005,0.0694,"New Haven-Milford, CT"
2815,New Haven County,CT,202411,1927.77,-0.0033,0.062,"New Haven-Milford, CT"
2815,New Haven County,CT,202412,1935.33,0.0039,0.0615,"New Haven-Milford, CT"
2815,New Haven County,CT,202501,1935.43,0.0,0.0562,"New Haven-Milford, CT"
2815,New Haven County,CT,202502,1956.88,0.0111,0.0639,"New Haven-Milford, CT"
2815,New Haven County,CT,202503,1968.68,0.006,0.0601,"New Haven-Milford, CT"
2815,New Haven County,CT,202504,1979.72,0.0056,0.0571,"New Haven-Milford, CT"
2815,New Haven County,CT,202505,1992.06,0.0062,0.0523,"New Haven-Milford, CT"
2815,New Haven County,CT,202506,1996.59,0.0023,0.0442,"New Haven-Milford, CT"
2815,New Haven County,CT,202507,2006.08,0.0048,0.041,"New Haven-Milford, CT"
2815,New Haven County,CT,202508,2001.22,-0.0024,0.034,"New Haven-Milford, CT"
2815,New Haven County,CT,202509,2007.93,0.0034,0.0387,"New Haven-Milford, CT"
2815,New Haven County,CT,202510,2011.1,0.0016,0.0398,"New Haven-Milford, CT"
2815,New Haven County,CT,202511,2013.72,0.0013,0.0446,"New Haven-Milford, CT"
2815,New Haven County,CT,202512,2017.37,0.0018,0.0424,"New Haven-Milford, CT"
2815,New Haven County,CT,202601,2019.82,0.0012,0.0436,"New Haven-Milford, CT"
2815,New Haven County,CT,202602,2019.72,-0.0,0.0321,"New Haven-Milford, CT"
2955,Litchfield County,CT,201501,843.95,,,"Torrington, CT"
2955,Litchfield County,CT,201502,835.22,-0.0103,,"Torrington, CT"
2955,Litchfield County,CT,201503,843.42,0.0098,,"Torrington, CT"
2955,Litchfield County,CT,201504,849.25,0.0069,,"Torrington, CT"
2955,Litchfield County,CT,201505,864.88,0.0184,,"Torrington, CT"
2955,Litchfield County,CT,201506,868.97,0.0047,,"Torrington, CT"
2955,Litchfield County,CT,201507,867.42,-0.0018,,"Torrington, CT"
2955,Litchfield County,CT,201508,860.51,-0.008,,"Torrington, CT"
2955,Litchfield County,CT,201509,863.96,0.004,,"Torrington, CT"
2955,Litchfield County,CT,201510,871.0,0.0081,,"Torrington, CT"
2955,Litchfield County,CT,201511,868.65,-0.0027,,"Torrington, CT"
2955,Litchfield County,CT,201512,855.7,-0.0149,,"Torrington, CT"
2955,Litchfield County,CT,201601,859.46,0.0044,0.0184,"Torrington, CT"
2955,Litchfield County,CT,201602,869.97,0.0122,0.0416,"Torrington, CT"
2955,Litchfield County,CT,201603,880.73,0.0124,0.0442,"Torrington, CT"
2955,Litchfield County,CT,201604,885.86,0.0058,0.0431,"Torrington, CT"
2955,Litchfield County,CT,201605,878.5,-0.0083,0.0157,"Torrington, CT"
2955,Litchfield County,CT,201606,875.33,-0.0036,0.0073,"Torrington, CT"
2955,Litchfield County,CT,201607,867.68,-0.0088,0.0003,"Torrington, CT"
2955,Litchfield County,CT,201608,875.21,0.0087,0.0171,"Torrington, CT"
2955,Litchfield County,CT,201609,888.59,0.0153,0.0285,"Torrington, CT"
2955,Litchfield County,CT,201610,885.15,-0.0039,0.0163,"Torrington, CT"
2955,Litchfield County,CT,201611,891.84,0.0076,0.0267,"Torrington, CT"
2955,Litchfield County,CT,201612,888.61,-0.0036,0.0385,"Torrington, CT"
2955,Litchfield County,CT,201701,914.72,0.0294,0.0643,"Torrington, CT"
2955,Litchfield County,CT,201702,909.6,-0.0056,0.0456,"Torrington, CT"
2955,Litchfield County,CT,201703,918.51,0.0098,0.0429,"Torrington, CT"
2955,Litchfield County,CT,201704,914.47,-0.0044,0.0323,"Torrington, CT"
2955,Litchfield County,CT,201705,922.53,0.0088,0.0501,"Torrington, CT"
2955,Litchfield County,CT,201706,926.98,0.0048,0.059,"Torrington, CT"
2955,Litchfield County,CT,201707,923.73,-0.0035,0.0646,"Torrington, CT"
2955,Litchfield County,CT,201708,920.3,-0.0037,0.0515,"Torrington, CT"
2955,Litchfield County,CT,201709,914.78,-0.006,0.0295,"Torrington, CT"
2955,Litchfield County,CT,201710,926.59,0.0129,0.0468,"Torrington, CT"
2955,Litchfield County,CT,201711,923.08,-0.0038,0.035,"Torrington, CT"
2955,Litchfield County,CT,201712,906.23,-0.0183,0.0198,"Torrington, CT"
2955,Litchfield County,CT,201801,912.34,0.0067,-0.0026,"Torrington, CT"
2955,Litchfield County,CT,201802,940.34,0.0307,0.0338,"Torrington, CT"
2955,Litchfield County,CT,201803,970.04,0.0316,0.0561,"Torrington, CT"
2955,Litchfield County,CT,201804,959.07,-0.0113,0.0488,"Torrington, CT"
2955,Litchfield County,CT,201805,938.32,-0.0216,0.0171,"Torrington, CT"
2955,Litchfield County,CT,201806,940.05,0.0018,0.0141,"Torrington, CT"
2955,Litchfield County,CT,201807,959.17,0.0203,0.0384,"Torrington, CT"
2955,Litchfield County,CT,201808,971.22,0.0126,0.0553,"Torrington, CT"
2955,Litchfield County,CT,201809,975.75,0.0047,0.0667,"Torrington, CT"
2955,Litchfield County,CT,201810,962.29,-0.0138,0.0385,"Torrington, CT"
2955,Litchfield County,CT,201811,971.14,0.0092,0.0521,"Torrington, CT"
2955,Litchfield County,CT,201812,969.92,-0.0013,0.0703,"Torrington, CT"
2955,Litchfield County,CT,201901,979.76,0.0101,0.0739,"Torrington, CT"
2955,Litchfield County,CT,201902,974.99,-0.0049,0.0369,"Torrington, CT"
2955,Litchfield County,CT,201903,974.71,-0.0003,0.0048,"Torrington, CT"
2955,Litchfield County,CT,201904,967.06,-0.0078,0.0083,"Torrington, CT"
2955,Litchfield County,CT,201905,966.87,-0.0002,0.0304,"Torrington, CT"
2955,Litchfield County,CT,201906,966.63,-0.0003,0.0283,"Torrington, CT"
2955,Litchfield County,CT,201907,983.93,0.0179,0.0258,"Torrington, CT"
2955,Litchfield County,CT,201908,1000.75,0.0171,0.0304,"Torrington, CT"
2955,Litchfield County,CT,201909,1002.91,0.0022,0.0278,"Torrington, CT"
2955,Litchfield County,CT,201910,1008.28,0.0054,0.0478,"Torrington, CT"
2955,Litchfield County,CT,201911,992.54,-0.0156,0.022,"Torrington, CT"
2955,Litchfield County,CT,201912,1011.64,0.0192,0.043,"Torrington, CT"
2955,Litchfield County,CT,202001,1013.74,0.0021,0.0347,"Torrington, CT"
2955,Litchfield County,CT,202002,1044.18,0.03,0.071,"Torrington, CT"
2955,Litchfield County,CT,202003,1051.22,0.0067,0.0785,"Torrington, CT"
2955,Litchfield County,CT,202004,1075.81,0.0234,0.1125,"Torrington, CT"
2955,Litchfield County,CT,202005,1068.65,-0.0067,0.1053,"Torrington, CT"
2955,Litchfield County,CT,202006,1051.72,-0.0158,0.088,"Torrington, CT"
2955,Litchfield County,CT,202007,1057.04,0.0051,0.0743,"Torrington, CT"
2955,Litchfield County,CT,202008,1091.2,0.0323,0.0904,"Torrington, CT"
2955,Litchfield County,CT,202009,1154.21,0.0577,0.1509,"Torrington, CT"
2955,Litchfield County,CT,202010,1170.11,0.0138,0.1605,"Torrington, CT"
2955,Litchfield County,CT,202011,1183.84,0.0117,0.1927,"Torrington, CT"
2955,Litchfield County,CT,202012,1178.45,-0.0045,0.1649,"Torrington, CT"
2955,Litchfield County,CT,202101,1194.55,0.0137,0.1784,"Torrington, CT"
2955,Litchfield County,CT,202102,1216.82,0.0186,0.1653,"Torrington, CT"
2955,Litchfield County,CT,202103,1217.97,0.001,0.1586,"Torrington, CT"
2955,Litchfield County,CT,202104,1207.85,-0.0083,0.1227,"Torrington, CT"
2955,Litchfield County,CT,202105,1236.05,0.0234,0.1567,"Torrington, CT"
2955,Litchfield County,CT,202106,1275.03,0.0315,0.2123,"Torrington, CT"
2955,Litchfield County,CT,202107,1319.53,0.0349,0.2483,"Torrington, CT"
2955,Litchfield County,CT,202108,1300.26,-0.0146,0.1916,"Torrington, CT"
2955,Litchfield County,CT,202109,1277.6,-0.0174,0.1069,"Torrington, CT"
2955,Litchfield County,CT,202110,1276.87,-0.0006,0.0912,"Torrington, CT"
2955,Litchfield County,CT,202111,1294.69,0.014,0.0936,"Torrington, CT"
2955,Litchfield County,CT,202112,1333.88,0.0303,0.1319,"Torrington, CT"
2955,Litchfield County,CT,202201,1329.49,-0.0033,0.113,"Torrington, CT"
2955,Litchfield County,CT,202202,1354.43,0.0188,0.1131,"Torrington, CT"
2955,Litchfield County,CT,202203,1362.1,0.0057,0.1183,"Torrington, CT"
2955,Litchfield County,CT,202204,1390.98,0.0212,0.1516,"Torrington, CT"
2955,Litchfield County,CT,202205,1403.42,0.0089,0.1354,"Torrington, CT"
2955,Litchfield County,CT,202206,1433.21,0.0212,0.1241,"Torrington, CT"
2955,Litchfield County,CT,202207,1438.34,0.0036,0.09,"Torrington, CT"
2955,Litchfield County,CT,202208,1425.48,-0.0089,0.0963,"Torrington, CT"
2955,Litchfield County,CT,202209,1407.95,-0.0123,0.102,"Torrington, CT"
2955,Litchfield County,CT,202210,1417.23,0.0066,0.1099,"Torrington, CT"
2955,Litchfield County,CT,202211,1414.69,-0.0018,0.0927,"Torrington, CT"
2955,Litchfield County,CT,202212,1419.88,0.0037,0.0645,"Torrington, CT"
2955,Litchfield County,CT,202301,1431.49,0.0082,0.0767,"Torrington, CT"
2955,Litchfield County,CT,202302,1480.39,0.0342,0.093,"Torrington, CT"
2955,Litchfield County,CT,202303,1505.6,0.017,0.1054,"Torrington, CT"
2955,Litchfield County,CT,202304,1501.82,-0.0025,0.0797,"Torrington, CT"
2955,Litchfield County,CT,202305,1487.6,-0.0095,0.06,"Torrington, CT"
2955,Litchfield County,CT,202306,1470.65,-0.0114,0.0261,"Torrington, CT"
2955,Litchfield County,CT,202307,1561.53,0.0618,0.0856,"Torrington, CT"
2955,Litchfield County,CT,202308,1603.56,0.0269,0.1249,"Torrington, CT"
2955,Litchfield County,CT,202309,1646.36,0.0267,0.1693,"Torrington, CT"
2955,Litchfield County,CT,202310,1595.01,-0.0312,0.1254,"Torrington, CT"
2955,Litchfield County,CT,202311,1567.45,-0.0173,0.108,"Torrington, CT"
2955,Litchfield County,CT,202312,1557.9,-0.0061,0.0972,"Torrington, CT"
2955,Litchfield County,CT,202401,1569.72,0.0076,0.0966,"Torrington, CT"
2955,Litchfield County,CT,202402,1602.04,0.0206,0.0822,"Torrington, CT"
2955,Litchfield County,CT,202403,1643.58,0.0259,0.0916,"Torrington, CT"
2955,Litchfield County,CT,202404,1662.34,0.0114,0.1069,"Torrington, CT"
2955,Litchfield County,CT,202405,1702.66,0.0243,0.1446,"Torrington, CT"
2955,Litchfield County,CT,202406,1696.27,-0.0038,0.1534,"Torrington, CT"
2955,Litchfield County,CT,202407,1696.99,0.0004,0.0867,"Torrington, CT"
2955,Litchfield County,CT,202408,1669.34,-0.0163,0.041,"Torrington, CT"
2955,Litchfield County,CT,202409,1683.49,0.0085,0.0226,"Torrington, CT"
2955,Litchfield County,CT,202410,1637.03,-0.0276,0.0263,"Torrington, CT"
2955,Litchfield County,CT,202411,1655.6,0.0113,0.0562,"Torrington, CT"
2955,Litchfield County,CT,202412,1672.34,0.0101,0.0735,"Torrington, CT"
2955,Litchfield County,CT,202501,1744.85,0.0434,0.1116,"Torrington, CT"
2955,Litchfield County,CT,202502,1730.45,-0.0083,0.0802,"Torrington, CT"
2955,Litchfield County,CT,202503,1750.1,0.0114,0.0648,"Torrington, CT"
2955,Litchfield County,CT,202504,1765.96,0.0091,0.0623,"Torrington, CT"
2955,Litchfield County,CT,202505,1802.56,0.0207,0.0587,"Torrington, CT"
2955,Litchfield County,CT,202506,1802.39,-0.0001,0.0626,"Torrington, CT"
2955,Litchfield County,CT,202507,1801.6,-0.0004,0.0616,"Torrington, CT"
2955,Litchfield County,CT,202508,1789.27,-0.0068,0.0718,"Torrington, CT"
2955,Litchfield County,CT,202509,1757.34,-0.0178,0.0439,"Torrington, CT"
2955,Litchfield County,CT,202510,1725.16,-0.0183,0.0538,"Torrington, CT"
2955,Litchfield County,CT,202511,1740.44,0.0089,0.0512,"Torrington, CT"
2955,Litchfield County,CT,202512,1785.52,0.0259,0.0677,"Torrington, CT"
2955,Litchfield County,CT,202601,1813.5,0.0157,0.0393,"Torrington, CT"
2955,Litchfield County,CT,202602,1820.93,0.0041,0.0523,"Torrington, CT"
2987,New London County,CT,201501,1029.21,,,"Norwich-New London, CT"
2987,New London County,CT,201502,1036.73,0.0073,,"Norwich-New London, CT"
2987,New London County,CT,201503,1033.5,-0.0031,,"Norwich-New London, CT"
2987,New London County,CT,201504,1041.52,0.0078,,"Norwich-New London, CT"
2987,New London County,CT,201505,1024.06,-0.0168,,"Norwich-New London, CT"
2987,New London County,CT,201506,1035.43,0.0111,,"Norwich-New London, CT"
2987,New London County,CT,201507,1043.9,0.0082,,"Norwich-New London, CT"
2987,New London County,CT,201508,1061.54,0.0169,,"Norwich-New London, CT"
2987,New London County,CT,201509,1054.39,-0.0067,,"Norwich-New London, CT"
2987,New London County,CT,201510,1050.08,-0.0041,,"Norwich-New London, CT"
2987,New London County,CT,201511,1056.68,0.0063,,"Norwich-New London, CT"
2987,New London County,CT,201512,1061.69,0.0047,,"Norwich-New London, CT"
2987,New London County,CT,201601,1071.56,0.0093,0.0411,"Norwich-New London, CT"
2987,New London County,CT,201602,1070.66,-0.0008,0.0327,"Norwich-New London, CT"
2987,New London County,CT,201603,1066.41,-0.004,0.0318,"Norwich-New London, CT"
2987,New London County,CT,201604,1076.06,0.0091,0.0332,"Norwich-New London, CT"
2987,New London County,CT,201605,1086.43,0.0096,0.0609,"Norwich-New London, CT"
2987,New London County,CT,201606,1096.45,0.0092,0.0589,"Norwich-New London, CT"
2987,New London County,CT,201607,1083.7,-0.0116,0.0381,"Norwich-New London, CT"
2987,New London County,CT,201608,1073.9,-0.009,0.0116,"Norwich-New London, CT"
2987,New London County,CT,201609,1070.17,-0.0035,0.015,"Norwich-New London, CT"
2987,New London County,CT,201610,1073.33,0.003,0.0221,"Norwich-New London, CT"
2987,New London County,CT,201611,1077.25,0.0037,0.0195,"Norwich-New London, CT"
2987,New London County,CT,201612,1072.64,-0.0043,0.0103,"Norwich-New London, CT"
2987,New London County,CT,201701,1075.49,0.0026,0.0037,"Norwich-New London, CT"
2987,New London County,CT,201702,1071.96,-0.0033,0.0012,"Norwich-New London, CT"
2987,New London County,CT,201703,1085.24,0.0124,0.0177,"Norwich-New London, CT"
2987,New London County,CT,201704,1094.3,0.0084,0.0169,"Norwich-New London, CT"
2987,New London County,CT,201705,1113.96,0.018,0.0253,"Norwich-New London, CT"
2987,New London County,CT,201706,1119.61,0.0051,0.0211,"Norwich-New London, CT"
2987,New London County,CT,201707,1122.35,0.0024,0.0357,"Norwich-New London, CT"
2987,New London County,CT,201708,1114.23,-0.0072,0.0376,"Norwich-New London, CT"
2987,New London County,CT,201709,1113.09,-0.001,0.0401,"Norwich-New London, CT"
2987,New London County,CT,201710,1101.31,-0.0106,0.0261,"Norwich-New London, CT"
2987,New London County,CT,201711,1098.26,-0.0028,0.0195,"Norwich-New London, CT"
2987,New London County,CT,201712,1094.37,-0.0035,0.0203,"Norwich-New London, CT"
2987,New London County,CT,201801,1100.72,0.0058,0.0235,"Norwich-New London, CT"
2987,New London County,CT,201802,1106.67,0.0054,0.0324,"Norwich-New London, CT"
2987,New London County,CT,201803,1111.14,0.004,0.0239,"Norwich-New London, CT"
2987,New London County,CT,201804,1121.26,0.0091,0.0246,"Norwich-New London, CT"
2987,New London County,CT,201805,1125.99,0.0042,0.0108,"Norwich-New London, CT"
2987,New London County,CT,201806,1128.89,0.0026,0.0083,"Norwich-New London, CT"
2987,New London County,CT,201807,1126.58,-0.002,0.0038,"Norwich-New London, CT"
2987,New London County,CT,201808,1129.18,0.0023,0.0134,"Norwich-New London, CT"
2987,New London County,CT,201809,1121.91,-0.0064,0.0079,"Norwich-New London, CT"
2987,New London County,CT,201810,1126.18,0.0038,0.0226,"Norwich-New London, CT"
2987,New London County,CT,201811,1119.31,-0.0061,0.0192,"Norwich-New London, CT"
2987,New London County,CT,201812,1128.81,0.0085,0.0315,"Norwich-New London, CT"
2987,New London County,CT,201901,1128.08,-0.0007,0.0248,"Norwich-New London, CT"
2987,New London County,CT,201902,1138.58,0.0093,0.0288,"Norwich-New London, CT"
2987,New London County,CT,201903,1145.33,0.0059,0.0308,"Norwich-New London, CT"
2987,New London County,CT,201904,1163.55,0.0159,0.0377,"Norwich-New London, CT"
2987,New London County,CT,201905,1171.27,0.0066,0.0402,"Norwich-New London, CT"
2987,New London County,CT,201906,1177.3,0.0051,0.0429,"Norwich-New London, CT"
2987,New London County,CT,201907,1170.68,-0.0056,0.0391,"Norwich-New London, CT"
2987,New London County,CT,201908,1172.82,0.0018,0.0387,"Norwich-New London, CT"
2987,New London County,CT,201909,1164.97,-0.0067,0.0384,"Norwich-New London, CT"
2987,New London County,CT,201910,1161.54,-0.0029,0.0314,"Norwich-New London, CT"
2987,New London County,CT,201911,1170.16,0.0074,0.0454,"Norwich-New London, CT"
2987,New London County,CT,201912,1186.09,0.0136,0.0507,"Norwich-New London, CT"
2987,New London County,CT,202001,1204.62,0.0156,0.0679,"Norwich-New London, CT"
2987,New London County,CT,202002,1201.51,-0.0026,0.0553,"Norwich-New London, CT"
2987,New London County,CT,202003,1201.58,0.0001,0.0491,"Norwich-New London, CT"
2987,New London County,CT,202004,1196.66,-0.0041,0.0285,"Norwich-New London, CT"
2987,New London County,CT,202005,1210.86,0.0119,0.0338,"Norwich-New London, CT"
2987,New London County,CT,202006,1221.22,0.0086,0.0373,"Norwich-New London, CT"
2987,New London County,CT,202007,1243.24,0.018,0.062,"Norwich-New London, CT"
2987,New London County,CT,202008,1256.75,0.0109,0.0716,"Norwich-New London, CT"
2987,New London County,CT,202009,1269.48,0.0101,0.0897,"Norwich-New London, CT"
2987,New London County,CT,202010,1281.34,0.0093,0.1031,"Norwich-New London, CT"
2987,New London County,CT,202011,1273.57,-0.0061,0.0884,"Norwich-New London, CT"
2987,New London County,CT,202012,1278.53,0.0039,0.0779,"Norwich-New London, CT"
2987,New London County,CT,202101,1280.5,0.0015,0.063,"Norwich-New London, CT"
2987,New London County,CT,202102,1290.83,0.0081,0.0743,"Norwich-New London, CT"
2987,New London County,CT,202103,1305.27,0.0112,0.0863,"Norwich-New London, CT"
2987,New London County,CT,202104,1321.83,0.0127,0.1046,"Norwich-New London, CT"
2987,New London County,CT,202105,1350.73,0.0219,0.1155,"Norwich-New London, CT"
2987,New London County,CT,202106,1368.17,0.0129,0.1203,"Norwich-New London, CT"
2987,New London County,CT,202107,1387.12,0.0139,0.1157,"Norwich-New London, CT"
2987,New London County,CT,202108,1413.78,0.0192,0.1249,"Norwich-New London, CT"
2987,New London County,CT,202109,1439.88,0.0185,0.1342,"Norwich-New London, CT"
2987,New London County,CT,202110,1443.57,0.0026,0.1266,"Norwich-New London, CT"
2987,New London County,CT,202111,1431.96,-0.008,0.1244,"Norwich-New London, CT"
2987,New London County,CT,202112,1422.62,-0.0065,0.1127,"Norwich-New London, CT"
2987,New London County,CT,202201,1421.91,-0.0005,0.1104,"Norwich-New London, CT"
2987,New London County,CT,202202,1446.51,0.0173,0.1206,"Norwich-New London, CT"
2987,New London County,CT,202203,1465.6,0.0132,0.1228,"Norwich-New London, CT"
2987,New London County,CT,202204,1496.09,0.0208,0.1318,"Norwich-New London, CT"
2987,New London County,CT,202205,1494.2,-0.0013,0.1062,"Norwich-New London, CT"
2987,New London County,CT,202206,1514.21,0.0134,0.1067,"Norwich-New London, CT"
2987,New London County,CT,202207,1523.77,0.0063,0.0985,"Norwich-New London, CT"
2987,New London County,CT,202208,1560.88,0.0244,0.1041,"Norwich-New London, CT"
2987,New London County,CT,202209,1574.95,0.009,0.0938,"Norwich-New London, CT"
2987,New London County,CT,202210,1578.42,0.0022,0.0934,"Norwich-New London, CT"
2987,New London County,CT,202211,1560.41,-0.0114,0.0897,"Norwich-New London, CT"
2987,New London County,CT,202212,1550.52,-0.0063,0.0899,"Norwich-New London, CT"
2987,New London County,CT,202301,1565.77,0.0098,0.1012,"Norwich-New London, CT"
2987,New London County,CT,202302,1575.44,0.0062,0.0891,"Norwich-New London, CT"
2987,New London County,CT,202303,1597.55,0.014,0.09,"Norwich-New London, CT"
2987,New London County,CT,202304,1623.99,0.0166,0.0855,"Norwich-New London, CT"
2987,New London County,CT,202305,1640.09,0.0099,0.0976,"Norwich-New London, CT"
2987,New London County,CT,202306,1651.59,0.007,0.0907,"Norwich-New London, CT"
2987,New London County,CT,202307,1646.81,-0.0029,0.0807,"Norwich-New London, CT"
2987,New London County,CT,202308,1677.97,0.0189,0.075,"Norwich-New London, CT"
2987,New London County,CT,202309,1698.65,0.0123,0.0785,"Norwich-New London, CT"
2987,New London County,CT,202310,1702.48,0.0023,0.0786,"Norwich-New London, CT"
2987,New London County,CT,202311,1700.05,-0.0014,0.0895,"Norwich-New London, CT"
2987,New London County,CT,202312,1692.76,-0.0043,0.0917,"Norwich-New London, CT"
2987,New London County,CT,202401,1704.85,0.0071,0.0888,"Norwich-New London, CT"
2987,New London County,CT,202402,1724.96,0.0118,0.0949,"Norwich-New London, CT"
2987,New London County,CT,202403,1749.73,0.0144,0.0953,"Norwich-New London, CT"
2987,New London County,CT,202404,1771.25,0.0123,0.0907,"Norwich-New London, CT"
2987,New London County,CT,202405,1789.59,0.0104,0.0912,"Norwich-New London, CT"
2987,New London County,CT,202406,1799.4,0.0055,0.0895,"Norwich-New London, CT"
2987,New London County,CT,202407,1812.67,0.0074,0.1007,"Norwich-New London, CT"
2987,New London County,CT,202408,1805.71,-0.0038,0.0761,"Norwich-New London, CT"
2987,New London County,CT,202409,1810.81,0.0028,0.066,"Norwich-New London, CT"
2987,New London County,CT,202410,1821.28,0.0058,0.0698,"Norwich-New London, CT"
2987,New London County,CT,202411,1831.74,0.0057,0.0775,"Norwich-New London, CT"
2987,New London County,CT,202412,1831.67,-0.0,0.0821,"Norwich-New London, CT"
2987,New London County,CT,202501,1826.12,-0.003,0.0711,"Norwich-New London, CT"
2987,New London County,CT,202502,1837.37,0.0062,0.0652,"Norwich-New London, CT"
2987,New London County,CT,202503,1855.94,0.0101,0.0607,"Norwich-New London, CT"
2987,New London County,CT,202504,1862.8,0.0037,0.0517,"Norwich-New London, CT"
2987,New London County,CT,202505,1858.01,-0.0026,0.0382,"Norwich-New London, CT"
2987,New London County,CT,202506,1848.64,-0.005,0.0274,"Norwich-New London, CT"
2987,New London County,CT,202507,1865.15,0.0089,0.029,"Norwich-New London, CT"
2987,New London County,CT,202508,1875.77,0.0057,0.0388,"Norwich-New London, CT"
2987,New London County,CT,202509,1891.08,0.0082,0.0443,"Norwich-New London, CT"
2987,New London County,CT,202510,1884.64,-0.0034,0.0348,"Norwich-New London, CT"
2987,New London County,CT,202511,1876.35,-0.0044,0.0244,"Norwich-New London, CT"
2987,New London County,CT,202512,1864.49,-0.0063,0.0179,"Norwich-New London, CT"
2987,New London County,CT,202601,1872.94,0.0045,0.0256,"Norwich-New London, CT"
2987,New London County,CT,202602,1878.84,0.0031,0.0226,"Norwich-New London, CT"
